NOME,IDADE,CPF,E-MAIL
Ana Silva,28,000.000.000-01,ana.silva@example.com
Bruno Santos,34,000.000.000-02,bruno.santos@example.com
Carla Oliveira,22,000.000.000-03,carla.oliveira@example.com
Diego Souza,41,000.000.000-04,diego.souza@example.com
Elisa Costa,30,000.000.000-05,elisa.costa@example.com
Felipe Almeida,26,000.000.000-06,felipe.almeida@example.com
Gabriela Lima,37,000.000.000-07,gabriela.lima@example.com
Henrique Pereira,45,000.000.000-08,henrique.pereira@example.com
Isabela Rodrigues,24,000.000.000-09,isabela.rodrigues@example.com
João Martins,32,000.000.000-10,joao.martins@example.com
