municipio;posicao;candidato;partido;votos;pct_validos
Abdon Batista;1;Flávio Bolsonaro;PL;1188;61,43
Abdon Batista;2;Lula;PT;547;28,28
Abdon Batista;3;Renan Santos;MISSÃO;71;3,67
Abdon Batista;4;Escritor Augusto Cury;AVANTE;64;3,31
Abdon Batista;5;Ronaldo Caiado;PSD;42;2,17
Abdon Batista;6;Zema;NOVO;13;0,67
Abdon Batista;7;Samara;UP;9;0,47
Abelardo Luz;1;Flávio Bolsonaro;PL;4768;62,79
Abelardo Luz;2;Lula;PT;2142;28,21
Abelardo Luz;3;Escritor Augusto Cury;AVANTE;242;3,19
Abelardo Luz;4;Renan Santos;MISSÃO;242;3,19
Abelardo Luz;5;Ronaldo Caiado;PSD;126;1,66
Abelardo Luz;6;Zema;NOVO;38;0,50
Abelardo Luz;7;Samara;UP;36;0,47
Agrolândia;1;Flávio Bolsonaro;PL;3959;62,60
Agrolândia;2;Lula;PT;1818;28,75
Agrolândia;3;Escritor Augusto Cury;AVANTE;202;3,19
Agrolândia;4;Renan Santos;MISSÃO;190;3,00
Agrolândia;5;Ronaldo Caiado;PSD;93;1,47
Agrolândia;6;Zema;NOVO;40;0,63
Agrolândia;7;Samara;UP;22;0,35
Agronômica;1;Flávio Bolsonaro;PL;2931;67,63
Agronômica;2;Lula;PT;1034;23,86
Agronômica;3;Renan Santos;MISSÃO;142;3,28
Agronômica;4;Escritor Augusto Cury;AVANTE;117;2,70
Agronômica;5;Ronaldo Caiado;PSD;69;1,59
Agronômica;6;Zema;NOVO;22;0,51
Agronômica;7;Samara;UP;19;0,44
Água Doce;1;Flávio Bolsonaro;PL;4157;65,55
Água Doce;2;Lula;PT;1703;26,85
Água Doce;3;Renan Santos;MISSÃO;181;2,85
Água Doce;4;Escritor Augusto Cury;AVANTE;137;2,16
Água Doce;5;Ronaldo Caiado;PSD;112;1,77
Água Doce;6;Zema;NOVO;33;0,52
Água Doce;7;Samara;UP;19;0,30
Águas de Chapecó;1;Flávio Bolsonaro;PL;5812;65,88
Águas de Chapecó;2;Lula;PT;2215;25,11
Águas de Chapecó;3;Escritor Augusto Cury;AVANTE;280;3,17
Águas de Chapecó;4;Renan Santos;MISSÃO;233;2,64
Águas de Chapecó;5;Ronaldo Caiado;PSD;197;2,23
Águas de Chapecó;6;Zema;NOVO;51;0,58
Águas de Chapecó;7;Samara;UP;34;0,39
Águas Frias;1;Flávio Bolsonaro;PL;3560;67,22
Águas Frias;2;Lula;PT;1257;23,73
Águas Frias;3;Escritor Augusto Cury;AVANTE;155;2,93
Águas Frias;4;Renan Santos;MISSÃO;153;2,89
Águas Frias;5;Ronaldo Caiado;PSD;124;2,34
Águas Frias;6;Zema;NOVO;27;0,51
Águas Frias;7;Samara;UP;20;0,38
Águas Mornas;1;Flávio Bolsonaro;PL;10016;58,79
Águas Mornas;2;Lula;PT;5194;30,49
Águas Mornas;3;Escritor Augusto Cury;AVANTE;650;3,82
Águas Mornas;4;Renan Santos;MISSÃO;573;3,36
Águas Mornas;5;Ronaldo Caiado;PSD;370;2,17
Águas Mornas;6;Zema;NOVO;140;0,82
Águas Mornas;7;Samara;UP;93;0,55
Alfredo Wagner;1;Flávio Bolsonaro;PL;4168;70,10
Alfredo Wagner;2;Lula;PT;1341;22,55
Alfredo Wagner;3;Escritor Augusto Cury;AVANTE;164;2,76
Alfredo Wagner;4;Renan Santos;MISSÃO;127;2,14
Alfredo Wagner;5;Ronaldo Caiado;PSD;84;1,41
Alfredo Wagner;6;Zema;NOVO;35;0,59
Alfredo Wagner;7;Samara;UP;27;0,45
Alto Bela Vista;1;Flávio Bolsonaro;PL;7715;67,09
Alto Bela Vista;2;Lula;PT;2876;25,01
Alto Bela Vista;3;Renan Santos;MISSÃO;293;2,55
Alto Bela Vista;4;Escritor Augusto Cury;AVANTE;267;2,32
Alto Bela Vista;5;Ronaldo Caiado;PSD;224;1,95
Alto Bela Vista;6;Zema;NOVO;73;0,63
Alto Bela Vista;7;Samara;UP;52;0,45
Anchieta;1;Flávio Bolsonaro;PL;6193;69,60
Anchieta;2;Lula;PT;1978;22,23
Anchieta;3;Renan Santos;MISSÃO;256;2,88
Anchieta;4;Ronaldo Caiado;PSD;192;2,16
Anchieta;5;Escritor Augusto Cury;AVANTE;187;2,10
Anchieta;6;Zema;NOVO;54;0,61
Anchieta;7;Samara;UP;38;0,43
Angelina;1;Flávio Bolsonaro;PL;1844;58,48
Angelina;2;Lula;PT;1036;32,86
Angelina;3;Renan Santos;MISSÃO;96;3,04
Angelina;4;Escritor Augusto Cury;AVANTE;80;2,54
Angelina;5;Ronaldo Caiado;PSD;64;2,03
Angelina;6;Zema;NOVO;23;0,73
Angelina;7;Samara;UP;10;0,32
Anita Garibaldi;1;Flávio Bolsonaro;PL;2712;64,82
Anita Garibaldi;2;Lula;PT;1141;27,27
Anita Garibaldi;3;Renan Santos;MISSÃO;120;2,87
Anita Garibaldi;4;Escritor Augusto Cury;AVANTE;98;2,34
Anita Garibaldi;5;Ronaldo Caiado;PSD;76;1,82
Anita Garibaldi;6;Zema;NOVO;21;0,50
Anita Garibaldi;7;Samara;UP;16;0,38
Anitápolis;1;Flávio Bolsonaro;PL;1281;63,83
Anitápolis;2;Lula;PT;554;27,60
Anitápolis;3;Renan Santos;MISSÃO;64;3,19
Anitápolis;4;Escritor Augusto Cury;AVANTE;55;2,74
Anitápolis;5;Ronaldo Caiado;PSD;32;1,59
Anitápolis;6;Zema;NOVO;12;0,60
Anitápolis;7;Samara;UP;9;0,45
Antônio Carlos;1;Flávio Bolsonaro;PL;5535;70,86
Antônio Carlos;2;Lula;PT;1689;21,62
Antônio Carlos;3;Escritor Augusto Cury;AVANTE;206;2,64
Antônio Carlos;4;Renan Santos;MISSÃO;205;2,62
Antônio Carlos;5;Ronaldo Caiado;PSD;112;1,43
Antônio Carlos;6;Zema;NOVO;38;0,49
Antônio Carlos;7;Samara;UP;26;0,33
Apiúna;1;Flávio Bolsonaro;PL;4190;68,23
Apiúna;2;Lula;PT;1296;21,10
Apiúna;3;Escritor Augusto Cury;AVANTE;220;3,58
Apiúna;4;Renan Santos;MISSÃO;220;3,58
Apiúna;5;Ronaldo Caiado;PSD;148;2,41
Apiúna;6;Zema;NOVO;45;0,73
Apiúna;7;Samara;UP;22;0,36
Arabutã;1;Flávio Bolsonaro;PL;20679;64,69
Arabutã;2;Lula;PT;8880;27,78
Arabutã;3;Escritor Augusto Cury;AVANTE;801;2,51
Arabutã;4;Renan Santos;MISSÃO;717;2,24
Arabutã;5;Ronaldo Caiado;PSD;595;1,86
Arabutã;6;Zema;NOVO;179;0,56
Arabutã;7;Samara;UP;117;0,37
Araquari;1;Flávio Bolsonaro;PL;8549;63,12
Araquari;2;Lula;PT;3763;27,78
Araquari;3;Renan Santos;MISSÃO;387;2,86
Araquari;4;Ronaldo Caiado;PSD;359;2,65
Araquari;5;Escritor Augusto Cury;AVANTE;351;2,59
Araquari;6;Zema;NOVO;73;0,54
Araquari;7;Samara;UP;63;0,47
Araranguá;1;Flávio Bolsonaro;PL;7018;71,77
Araranguá;2;Lula;PT;2036;20,82
Araranguá;3;Escritor Augusto Cury;AVANTE;247;2,53
Araranguá;4;Renan Santos;MISSÃO;240;2,45
Araranguá;5;Ronaldo Caiado;PSD;142;1,45
Araranguá;6;Zema;NOVO;52;0,53
Araranguá;7;Samara;UP;43;0,44
Armazém;1;Flávio Bolsonaro;PL;3548;66,92
Armazém;2;Lula;PT;1275;24,05
Armazém;3;Escritor Augusto Cury;AVANTE;179;3,38
Armazém;4;Renan Santos;MISSÃO;136;2,57
Armazém;5;Ronaldo Caiado;PSD;112;2,11
Armazém;6;Zema;NOVO;31;0,58
Armazém;7;Samara;UP;21;0,40
Arroio Trinta;1;Flávio Bolsonaro;PL;10594;67,61
Arroio Trinta;2;Lula;PT;3688;23,54
Arroio Trinta;3;Escritor Augusto Cury;AVANTE;478;3,05
Arroio Trinta;4;Renan Santos;MISSÃO;441;2,81
Arroio Trinta;5;Ronaldo Caiado;PSD;327;2,09
Arroio Trinta;6;Zema;NOVO;76;0,49
Arroio Trinta;7;Samara;UP;66;0,42
Arvoredo;1;Flávio Bolsonaro;PL;7724;68,40
Arvoredo;2;Lula;PT;2735;24,22
Arvoredo;3;Renan Santos;MISSÃO;323;2,86
Arvoredo;4;Escritor Augusto Cury;AVANTE;231;2,05
Arvoredo;5;Ronaldo Caiado;PSD;173;1,53
Arvoredo;6;Zema;NOVO;68;0,60
Arvoredo;7;Samara;UP;38;0,34
Ascurra;1;Flávio Bolsonaro;PL;5279;62,55
Ascurra;2;Lula;PT;2279;27,01
Ascurra;3;Renan Santos;MISSÃO;318;3,77
Ascurra;4;Escritor Augusto Cury;AVANTE;316;3,74
Ascurra;5;Ronaldo Caiado;PSD;150;1,78
Ascurra;6;Zema;NOVO;61;0,72
Ascurra;7;Samara;UP;36;0,43
Atalanta;1;Flávio Bolsonaro;PL;1968;64,67
Atalanta;2;Lula;PT;838;27,54
Atalanta;3;Escritor Augusto Cury;AVANTE;90;2,96
Atalanta;4;Renan Santos;MISSÃO;78;2,56
Atalanta;5;Ronaldo Caiado;PSD;48;1,58
Atalanta;6;Zema;NOVO;13;0,43
Atalanta;7;Samara;UP;8;0,26
Aurora;1;Flávio Bolsonaro;PL;3989;68,52
Aurora;2;Lula;PT;1325;22,76
Aurora;3;Renan Santos;MISSÃO;190;3,26
Aurora;4;Escritor Augusto Cury;AVANTE;166;2,85
Aurora;5;Ronaldo Caiado;PSD;103;1,77
Aurora;6;Zema;NOVO;27;0,46
Aurora;7;Samara;UP;22;0,38
Balneário Arroio do Silva;1;Flávio Bolsonaro;PL;1760;68,38
Balneário Arroio do Silva;2;Lula;PT;587;22,80
Balneário Arroio do Silva;3;Renan Santos;MISSÃO;78;3,03
Balneário Arroio do Silva;4;Escritor Augusto Cury;AVANTE;76;2,95
Balneário Arroio do Silva;5;Ronaldo Caiado;PSD;51;1,98
Balneário Arroio do Silva;6;Zema;NOVO;12;0,47
Balneário Arroio do Silva;7;Samara;UP;10;0,39
Balneário Barra do Sul;1;Flávio Bolsonaro;PL;2894;63,59
Balneário Barra do Sul;2;Lula;PT;1270;27,91
Balneário Barra do Sul;3;Escritor Augusto Cury;AVANTE;138;3,03
Balneário Barra do Sul;4;Renan Santos;MISSÃO;112;2,46
Balneário Barra do Sul;5;Ronaldo Caiado;PSD;94;2,07
Balneário Barra do Sul;6;Zema;NOVO;22;0,48
Balneário Barra do Sul;7;Samara;UP;21;0,46
Balneário Camboriú;1;Flávio Bolsonaro;PL;65444;68,34
Balneário Camboriú;2;Lula;PT;23100;24,12
Balneário Camboriú;3;Renan Santos;MISSÃO;2426;2,53
Balneário Camboriú;4;Escritor Augusto Cury;AVANTE;2052;2,14
Balneário Camboriú;5;Ronaldo Caiado;PSD;1927;2,01
Balneário Camboriú;6;Zema;NOVO;424;0,44
Balneário Camboriú;7;Samara;UP;386;0,40
Balneário Gaivota;1;Flávio Bolsonaro;PL;16180;70,62
Balneário Gaivota;2;Lula;PT;5016;21,89
Balneário Gaivota;3;Escritor Augusto Cury;AVANTE;640;2,79
Balneário Gaivota;4;Renan Santos;MISSÃO;494;2,16
Balneário Gaivota;5;Ronaldo Caiado;PSD;399;1,74
Balneário Gaivota;6;Zema;NOVO;94;0,41
Balneário Gaivota;7;Samara;UP;88;0,38
Balneário Piçarras;1;Flávio Bolsonaro;PL;7209;60,93
Balneário Piçarras;2;Lula;PT;3633;30,70
Balneário Piçarras;3;Renan Santos;MISSÃO;396;3,35
Balneário Piçarras;4;Escritor Augusto Cury;AVANTE;297;2,51
Balneário Piçarras;5;Ronaldo Caiado;PSD;177;1,50
Balneário Piçarras;6;Zema;NOVO;74;0,63
Balneário Piçarras;7;Samara;UP;46;0,39
Balneário Rincão;1;Flávio Bolsonaro;PL;1481;69,69
Balneário Rincão;2;Lula;PT;472;22,21
Balneário Rincão;3;Escritor Augusto Cury;AVANTE;67;3,15
Balneário Rincão;4;Renan Santos;MISSÃO;60;2,82
Balneário Rincão;5;Ronaldo Caiado;PSD;28;1,32
Balneário Rincão;6;Zema;NOVO;10;0,47
Balneário Rincão;7;Samara;UP;7;0,33
Bandeirante;1;Flávio Bolsonaro;PL;1030;68,03
Bandeirante;2;Lula;PT;365;24,11
Bandeirante;3;Renan Santos;MISSÃO;41;2,71
Bandeirante;4;Escritor Augusto Cury;AVANTE;37;2,44
Bandeirante;5;Ronaldo Caiado;PSD;28;1,85
Bandeirante;6;Zema;NOVO;7;0,46
Bandeirante;7;Samara;UP;6;0,40
Barra Bonita;1;Flávio Bolsonaro;PL;4476;58,78
Barra Bonita;2;Lula;PT;2439;32,03
Barra Bonita;3;Renan Santos;MISSÃO;256;3,36
Barra Bonita;4;Escritor Augusto Cury;AVANTE;203;2,67
Barra Bonita;5;Ronaldo Caiado;PSD;155;2,04
Barra Bonita;6;Zema;NOVO;57;0,75
Barra Bonita;7;Samara;UP;29;0,38
Barra Velha;1;Flávio Bolsonaro;PL;4477;67,59
Barra Velha;2;Lula;PT;1492;22,52
Barra Velha;3;Escritor Augusto Cury;AVANTE;246;3,71
Barra Velha;4;Renan Santos;MISSÃO;183;2,76
Barra Velha;5;Ronaldo Caiado;PSD;155;2,34
Barra Velha;6;Zema;NOVO;39;0,59
Barra Velha;7;Samara;UP;32;0,48
Bela Vista do Toldo;1;Flávio Bolsonaro;PL;8024;62,99
Bela Vista do Toldo;2;Lula;PT;3299;25,90
Bela Vista do Toldo;3;Escritor Augusto Cury;AVANTE;523;4,11
Bela Vista do Toldo;4;Renan Santos;MISSÃO;407;3,20
Bela Vista do Toldo;5;Ronaldo Caiado;PSD;349;2,74
Bela Vista do Toldo;6;Zema;NOVO;87;0,68
Bela Vista do Toldo;7;Samara;UP;49;0,38
Belmonte;1;Flávio Bolsonaro;PL;3937;57,56
Belmonte;2;Lula;PT;2170;31,73
Belmonte;3;Escritor Augusto Cury;AVANTE;255;3,73
Belmonte;4;Renan Santos;MISSÃO;215;3,14
Belmonte;5;Ronaldo Caiado;PSD;170;2,49
Belmonte;6;Zema;NOVO;56;0,82
Belmonte;7;Samara;UP;37;0,54
Benedito Novo;1;Flávio Bolsonaro;PL;4890;72,83
Benedito Novo;2;Lula;PT;1256;18,71
Benedito Novo;3;Escritor Augusto Cury;AVANTE;205;3,05
Benedito Novo;4;Renan Santos;MISSÃO;174;2,59
Benedito Novo;5;Ronaldo Caiado;PSD;122;1,82
Benedito Novo;6;Zema;NOVO;42;0,63
Benedito Novo;7;Samara;UP;25;0,37
Biguaçu;1;Flávio Bolsonaro;PL;2642;59,20
Biguaçu;2;Lula;PT;1450;32,49
Biguaçu;3;Escritor Augusto Cury;AVANTE;130;2,91
Biguaçu;4;Renan Santos;MISSÃO;112;2,51
Biguaçu;5;Ronaldo Caiado;PSD;84;1,88
Biguaçu;6;Zema;NOVO;28;0,63
Biguaçu;7;Samara;UP;17;0,38
Blumenau;1;Flávio Bolsonaro;PL;131018;63,88
Blumenau;2;Lula;PT;52391;25,55
Blumenau;3;Escritor Augusto Cury;AVANTE;7210;3,52
Blumenau;4;Renan Santos;MISSÃO;6774;3,30
Blumenau;5;Ronaldo Caiado;PSD;5157;2,51
Blumenau;6;Zema;NOVO;1659;0,81
Blumenau;7;Samara;UP;877;0,43
Bocaina do Sul;1;Flávio Bolsonaro;PL;5907;63,53
Bocaina do Sul;2;Lula;PT;2424;26,07
Bocaina do Sul;3;Renan Santos;MISSÃO;338;3,64
Bocaina do Sul;4;Escritor Augusto Cury;AVANTE;255;2,74
Bocaina do Sul;5;Ronaldo Caiado;PSD;251;2,70
Bocaina do Sul;6;Zema;NOVO;75;0,81
Bocaina do Sul;7;Samara;UP;48;0,52
Bom Jardim da Serra;1;Flávio Bolsonaro;PL;3207;73,64
Bom Jardim da Serra;2;Lula;PT;797;18,30
Bom Jardim da Serra;3;Escritor Augusto Cury;AVANTE;123;2,82
Bom Jardim da Serra;4;Ronaldo Caiado;PSD;95;2,18
Bom Jardim da Serra;5;Renan Santos;MISSÃO;94;2,16
Bom Jardim da Serra;6;Zema;NOVO;21;0,48
Bom Jardim da Serra;7;Samara;UP;18;0,41
Bom Jesus;1;Flávio Bolsonaro;PL;1062;68,38
Bom Jesus;2;Lula;PT;328;21,12
Bom Jesus;3;Escritor Augusto Cury;AVANTE;56;3,61
Bom Jesus;4;Renan Santos;MISSÃO;54;3,48
Bom Jesus;5;Ronaldo Caiado;PSD;36;2,32
Bom Jesus;6;Zema;NOVO;11;0,71
Bom Jesus;7;Samara;UP;6;0,39
Bom Jesus do Oeste;1;Flávio Bolsonaro;PL;1161;66,38
Bom Jesus do Oeste;2;Lula;PT;400;22,87
Bom Jesus do Oeste;3;Escritor Augusto Cury;AVANTE;71;4,06
Bom Jesus do Oeste;4;Renan Santos;MISSÃO;67;3,83
Bom Jesus do Oeste;5;Ronaldo Caiado;PSD;31;1,77
Bom Jesus do Oeste;6;Zema;NOVO;10;0,57
Bom Jesus do Oeste;7;Samara;UP;9;0,51
Bom Retiro;1;Flávio Bolsonaro;PL;4304;68,08
Bom Retiro;2;Lula;PT;1417;22,41
Bom Retiro;3;Renan Santos;MISSÃO;201;3,18
Bom Retiro;4;Escritor Augusto Cury;AVANTE;199;3,15
Bom Retiro;5;Ronaldo Caiado;PSD;133;2,10
Bom Retiro;6;Zema;NOVO;45;0,71
Bom Retiro;7;Samara;UP;23;0,36
Bombinhas;1;Flávio Bolsonaro;PL;3995;63,98
Bombinhas;2;Lula;PT;1690;27,07
Bombinhas;3;Escritor Augusto Cury;AVANTE;195;3,12
Bombinhas;4;Renan Santos;MISSÃO;158;2,53
Bombinhas;5;Ronaldo Caiado;PSD;131;2,10
Bombinhas;6;Zema;NOVO;47;0,75
Bombinhas;7;Samara;UP;28;0,45
Botuverá;1;Flávio Bolsonaro;PL;16415;66,16
Botuverá;2;Lula;PT;6627;26,71
Botuverá;3;Renan Santos;MISSÃO;575;2,32
Botuverá;4;Escritor Augusto Cury;AVANTE;547;2,20
Botuverá;5;Ronaldo Caiado;PSD;443;1,79
Botuverá;6;Zema;NOVO;120;0,48
Botuverá;7;Samara;UP;85;0,34
Braço do Norte;1;Flávio Bolsonaro;PL;998;63,85
Braço do Norte;2;Lula;PT;408;26,10
Braço do Norte;3;Escritor Augusto Cury;AVANTE;53;3,39
Braço do Norte;4;Renan Santos;MISSÃO;51;3,26
Braço do Norte;5;Ronaldo Caiado;PSD;39;2,50
Braço do Norte;6;Zema;NOVO;8;0,51
Braço do Norte;7;Samara;UP;6;0,38
Braço do Trombudo;1;Flávio Bolsonaro;PL;1139;71,59
Braço do Trombudo;2;Lula;PT;317;19,92
Braço do Trombudo;3;Renan Santos;MISSÃO;53;3,33
Braço do Trombudo;4;Escritor Augusto Cury;AVANTE;38;2,39
Braço do Trombudo;5;Ronaldo Caiado;PSD;29;1,82
Braço do Trombudo;6;Zema;NOVO;8;0,50
Braço do Trombudo;7;Samara;UP;7;0,44
Brunópolis;1;Flávio Bolsonaro;PL;2663;67,49
Brunópolis;2;Lula;PT;943;23,90
Brunópolis;3;Escritor Augusto Cury;AVANTE;126;3,19
Brunópolis;4;Renan Santos;MISSÃO;109;2,76
Brunópolis;5;Ronaldo Caiado;PSD;66;1,67
Brunópolis;6;Zema;NOVO;25;0,63
Brunópolis;7;Samara;UP;14;0,35
Brusque;1;Flávio Bolsonaro;PL;53150;59,14
Brusque;2;Lula;PT;28240;31,42
Brusque;3;Escritor Augusto Cury;AVANTE;3247;3,61
Brusque;4;Renan Santos;MISSÃO;2537;2,82
Brusque;5;Ronaldo Caiado;PSD;1705;1,90
Brusque;6;Zema;NOVO;655;0,73
Brusque;7;Samara;UP;344;0,38
Caçador;1;Flávio Bolsonaro;PL;2426;69,55
Caçador;2;Lula;PT;779;22,33
Caçador;3;Renan Santos;MISSÃO;107;3,07
Caçador;4;Escritor Augusto Cury;AVANTE;77;2,21
Caçador;5;Ronaldo Caiado;PSD;64;1,83
Caçador;6;Zema;NOVO;23;0,66
Caçador;7;Samara;UP;12;0,34
Caibi;1;Flávio Bolsonaro;PL;35034;68,11
Caibi;2;Lula;PT;11925;23,18
Caibi;3;Renan Santos;MISSÃO;1697;3,30
Caibi;4;Escritor Augusto Cury;AVANTE;1347;2,62
Caibi;5;Ronaldo Caiado;PSD;985;1,91
Caibi;6;Zema;NOVO;296;0,58
Caibi;7;Samara;UP;155;0,30
Calmon;1;Flávio Bolsonaro;PL;5292;70,37
Calmon;2;Lula;PT;1540;20,48
Calmon;3;Escritor Augusto Cury;AVANTE;291;3,87
Calmon;4;Renan Santos;MISSÃO;198;2,63
Calmon;5;Ronaldo Caiado;PSD;129;1,72
Calmon;6;Zema;NOVO;38;0,51
Calmon;7;Samara;UP;32;0,43
Camboriú;1;Flávio Bolsonaro;PL;1017;69,90
Camboriú;2;Lula;PT;313;21,51
Camboriú;3;Escritor Augusto Cury;AVANTE;41;2,82
Camboriú;4;Renan Santos;MISSÃO;37;2,54
Camboriú;5;Ronaldo Caiado;PSD;33;2,27
Camboriú;6;Zema;NOVO;9;0,62
Camboriú;7;Samara;UP;5;0,34
Campo Alegre;1;Flávio Bolsonaro;PL;10810;68,27
Campo Alegre;2;Lula;PT;3767;23,79
Campo Alegre;3;Escritor Augusto Cury;AVANTE;452;2,85
Campo Alegre;4;Renan Santos;MISSÃO;429;2,71
Campo Alegre;5;Ronaldo Caiado;PSD;218;1,38
Campo Alegre;6;Zema;NOVO;105;0,66
Campo Alegre;7;Samara;UP;54;0,34
Campo Belo do Sul;1;Flávio Bolsonaro;PL;3656;63,66
Campo Belo do Sul;2;Lula;PT;1601;27,88
Campo Belo do Sul;3;Renan Santos;MISSÃO;180;3,13
Campo Belo do Sul;4;Escritor Augusto Cury;AVANTE;131;2,28
Campo Belo do Sul;5;Ronaldo Caiado;PSD;115;2,00
Campo Belo do Sul;6;Zema;NOVO;42;0,73
Campo Belo do Sul;7;Samara;UP;18;0,31
Campo Erê;1;Flávio Bolsonaro;PL;2189;57,73
Campo Erê;2;Lula;PT;1284;33,86
Campo Erê;3;Escritor Augusto Cury;AVANTE;117;3,09
Campo Erê;4;Renan Santos;MISSÃO;93;2,45
Campo Erê;5;Ronaldo Caiado;PSD;70;1,85
Campo Erê;6;Zema;NOVO;21;0,55
Campo Erê;7;Samara;UP;18;0,47
Campos Novos;1;Flávio Bolsonaro;PL;12879;66,46
Campos Novos;2;Lula;PT;4913;25,35
Campos Novos;3;Renan Santos;MISSÃO;556;2,87
Campos Novos;4;Escritor Augusto Cury;AVANTE;521;2,69
Campos Novos;5;Ronaldo Caiado;PSD;319;1,65
Campos Novos;6;Zema;NOVO;115;0,59
Campos Novos;7;Samara;UP;77;0,40
Canelinha;1;Flávio Bolsonaro;PL;862;56,82
Canelinha;2;Lula;PT;511;33,68
Canelinha;3;Renan Santos;MISSÃO;55;3,63
Canelinha;4;Escritor Augusto Cury;AVANTE;39;2,57
Canelinha;5;Ronaldo Caiado;PSD;34;2,24
Canelinha;6;Zema;NOVO;10;0,66
Canelinha;7;Samara;UP;6;0,40
Canoinhas;1;Flávio Bolsonaro;PL;4160;67,94
Canoinhas;2;Lula;PT;1369;22,36
Canoinhas;3;Escritor Augusto Cury;AVANTE;204;3,33
Canoinhas;4;Renan Santos;MISSÃO;172;2,81
Canoinhas;5;Ronaldo Caiado;PSD;157;2,56
Canoinhas;6;Zema;NOVO;36;0,59
Canoinhas;7;Samara;UP;25;0,41
Capão Alto;1;Flávio Bolsonaro;PL;3841;61,84
Capão Alto;2;Lula;PT;1684;27,11
Capão Alto;3;Escritor Augusto Cury;AVANTE;246;3,96
Capão Alto;4;Renan Santos;MISSÃO;178;2,87
Capão Alto;5;Ronaldo Caiado;PSD;178;2,87
Capão Alto;6;Zema;NOVO;51;0,82
Capão Alto;7;Samara;UP;33;0,53
Capinzal;1;Flávio Bolsonaro;PL;3708;65,43
Capinzal;2;Lula;PT;1303;22,99
Capinzal;3;Renan Santos;MISSÃO;256;4,52
Capinzal;4;Escritor Augusto Cury;AVANTE;195;3,44
Capinzal;5;Ronaldo Caiado;PSD;138;2,44
Capinzal;6;Zema;NOVO;39;0,69
Capinzal;7;Samara;UP;28;0,49
Capivari de Baixo;1;Flávio Bolsonaro;PL;1795;66,80
Capivari de Baixo;2;Lula;PT;630;23,45
Capivari de Baixo;3;Renan Santos;MISSÃO;94;3,50
Capivari de Baixo;4;Escritor Augusto Cury;AVANTE;78;2,90
Capivari de Baixo;5;Ronaldo Caiado;PSD;63;2,34
Capivari de Baixo;6;Zema;NOVO;17;0,63
Capivari de Baixo;7;Samara;UP;10;0,37
Catanduvas;1;Flávio Bolsonaro;PL;12208;62,56
Catanduvas;2;Lula;PT;5229;26,80
Catanduvas;3;Escritor Augusto Cury;AVANTE;777;3,98
Catanduvas;4;Renan Santos;MISSÃO;670;3,43
Catanduvas;5;Ronaldo Caiado;PSD;425;2,18
Catanduvas;6;Zema;NOVO;137;0,70
Catanduvas;7;Samara;UP;68;0,35
Caxambu do Sul;1;Flávio Bolsonaro;PL;5397;67,09
Caxambu do Sul;2;Lula;PT;1877;23,33
Caxambu do Sul;3;Escritor Augusto Cury;AVANTE;291;3,62
Caxambu do Sul;4;Renan Santos;MISSÃO;205;2,55
Caxambu do Sul;5;Ronaldo Caiado;PSD;189;2,35
Caxambu do Sul;6;Zema;NOVO;43;0,53
Caxambu do Sul;7;Samara;UP;42;0,52
Celso Ramos;1;Flávio Bolsonaro;PL;1465;71,53
Celso Ramos;2;Lula;PT;416;20,31
Celso Ramos;3;Escritor Augusto Cury;AVANTE;63;3,08
Celso Ramos;4;Renan Santos;MISSÃO;54;2,64
Celso Ramos;5;Ronaldo Caiado;PSD;34;1,66
Celso Ramos;6;Zema;NOVO;10;0,49
Celso Ramos;7;Samara;UP;6;0,29
Cerro Negro;1;Flávio Bolsonaro;PL;13336;71,02
Cerro Negro;2;Lula;PT;3886;20,69
Cerro Negro;3;Renan Santos;MISSÃO;527;2,81
Cerro Negro;4;Escritor Augusto Cury;AVANTE;448;2,39
Cerro Negro;5;Ronaldo Caiado;PSD;392;2,09
Cerro Negro;6;Zema;NOVO;120;0,64
Cerro Negro;7;Samara;UP;70;0,37
Chapadão do Lageado;1;Flávio Bolsonaro;PL;2488;72,79
Chapadão do Lageado;2;Lula;PT;676;19,78
Chapadão do Lageado;3;Escritor Augusto Cury;AVANTE;93;2,72
Chapadão do Lageado;4;Renan Santos;MISSÃO;71;2,08
Chapadão do Lageado;5;Ronaldo Caiado;PSD;65;1,90
Chapadão do Lageado;6;Zema;NOVO;15;0,44
Chapadão do Lageado;7;Samara;UP;10;0,29
Chapecó;1;Flávio Bolsonaro;PL;94267;70,55
Chapecó;2;Lula;PT;27879;20,86
Chapecó;3;Escritor Augusto Cury;AVANTE;3877;2,90
Chapecó;4;Renan Santos;MISSÃO;3296;2,47
Chapecó;5;Ronaldo Caiado;PSD;2999;2,24
Chapecó;6;Zema;NOVO;788;0,59
Chapecó;7;Samara;UP;514;0,38
Cocal do Sul;1;Flávio Bolsonaro;PL;6400;70,39
Cocal do Sul;2;Lula;PT;1978;21,76
Cocal do Sul;3;Escritor Augusto Cury;AVANTE;276;3,04
Cocal do Sul;4;Renan Santos;MISSÃO;219;2,41
Cocal do Sul;5;Ronaldo Caiado;PSD;149;1,64
Cocal do Sul;6;Zema;NOVO;40;0,44
Cocal do Sul;7;Samara;UP;30;0,33
Concórdia;1;Flávio Bolsonaro;PL;32875;61,97
Concórdia;2;Lula;PT;15671;29,54
Concórdia;3;Escritor Augusto Cury;AVANTE;1881;3,55
Concórdia;4;Renan Santos;MISSÃO;1216;2,29
Concórdia;5;Ronaldo Caiado;PSD;920;1,73
Concórdia;6;Zema;NOVO;266;0,50
Concórdia;7;Samara;UP;224;0,42
Cordilheira Alta;1;Flávio Bolsonaro;PL;9207;63,52
Cordilheira Alta;2;Lula;PT;3739;25,80
Cordilheira Alta;3;Renan Santos;MISSÃO;549;3,79
Cordilheira Alta;4;Escritor Augusto Cury;AVANTE;424;2,93
Cordilheira Alta;5;Ronaldo Caiado;PSD;372;2,57
Cordilheira Alta;6;Zema;NOVO;130;0,90
Cordilheira Alta;7;Samara;UP;74;0,51
Coronel Freitas;1;Flávio Bolsonaro;PL;912;61,21
Coronel Freitas;2;Lula;PT;443;29,73
Coronel Freitas;3;Escritor Augusto Cury;AVANTE;40;2,68
Coronel Freitas;4;Renan Santos;MISSÃO;40;2,68
Coronel Freitas;5;Ronaldo Caiado;PSD;38;2,55
Coronel Freitas;6;Zema;NOVO;11;0,74
Coronel Freitas;7;Samara;UP;6;0,40
Coronel Martins;1;Flávio Bolsonaro;PL;5283;72,09
Coronel Martins;2;Lula;PT;1358;18,53
Coronel Martins;3;Escritor Augusto Cury;AVANTE;254;3,47
Coronel Martins;4;Renan Santos;MISSÃO;233;3,18
Coronel Martins;5;Ronaldo Caiado;PSD;130;1,77
Coronel Martins;6;Zema;NOVO;49;0,67
Coronel Martins;7;Samara;UP;21;0,29
Correia Pinto;1;Flávio Bolsonaro;PL;3696;65,85
Correia Pinto;2;Lula;PT;1413;25,17
Correia Pinto;3;Renan Santos;MISSÃO;194;3,46
Correia Pinto;4;Escritor Augusto Cury;AVANTE;138;2,46
Correia Pinto;5;Ronaldo Caiado;PSD;118;2,10
Correia Pinto;6;Zema;NOVO;33;0,59
Correia Pinto;7;Samara;UP;21;0,37
Corupá;1;Flávio Bolsonaro;PL;17474;67,36
Corupá;2;Lula;PT;6354;24,49
Corupá;3;Renan Santos;MISSÃO;782;3,01
Corupá;4;Escritor Augusto Cury;AVANTE;647;2,49
Corupá;5;Ronaldo Caiado;PSD;442;1,70
Corupá;6;Zema;NOVO;148;0,57
Corupá;7;Samara;UP;96;0,37
Criciúma;1;Flávio Bolsonaro;PL;74320;62,08
Criciúma;2;Lula;PT;34848;29,11
Criciúma;3;Escritor Augusto Cury;AVANTE;3926;3,28
Criciúma;4;Renan Santos;MISSÃO;3136;2,62
Criciúma;5;Ronaldo Caiado;PSD;2386;1,99
Criciúma;6;Zema;NOVO;572;0,48
Criciúma;7;Samara;UP;524;0,44
Cunha Porã;1;Flávio Bolsonaro;PL;1304;68,81
Cunha Porã;2;Lula;PT;429;22,64
Cunha Porã;3;Renan Santos;MISSÃO;53;2,80
Cunha Porã;4;Escritor Augusto Cury;AVANTE;49;2,59
Cunha Porã;5;Ronaldo Caiado;PSD;43;2,27
Cunha Porã;6;Zema;NOVO;9;0,47
Cunha Porã;7;Samara;UP;8;0,42
Cunhataí;1;Flávio Bolsonaro;PL;20467;66,47
Cunhataí;2;Lula;PT;7835;25,44
Cunhataí;3;Renan Santos;MISSÃO;837;2,72
Cunhataí;4;Escritor Augusto Cury;AVANTE;829;2,69
Cunhataí;5;Ronaldo Caiado;PSD;569;1,85
Cunhataí;6;Zema;NOVO;163;0,53
Cunhataí;7;Samara;UP;93;0,30
Curitibanos;1;Flávio Bolsonaro;PL;9656;62,66
Curitibanos;2;Lula;PT;4448;28,86
Curitibanos;3;Escritor Augusto Cury;AVANTE;445;2,89
Curitibanos;4;Renan Santos;MISSÃO;436;2,83
Curitibanos;5;Ronaldo Caiado;PSD;275;1,78
Curitibanos;6;Zema;NOVO;93;0,60
Curitibanos;7;Samara;UP;58;0,38
Descanso;1;Flávio Bolsonaro;PL;12216;62,84
Descanso;2;Lula;PT;5240;26,96
Descanso;3;Renan Santos;MISSÃO;618;3,18
Descanso;4;Escritor Augusto Cury;AVANTE;605;3,11
Descanso;5;Ronaldo Caiado;PSD;541;2,78
Descanso;6;Zema;NOVO;151;0,78
Descanso;7;Samara;UP;68;0,35
Dionísio Cerqueira;1;Flávio Bolsonaro;PL;2006;69,82
Dionísio Cerqueira;2;Lula;PT;596;20,74
Dionísio Cerqueira;3;Escritor Augusto Cury;AVANTE;94;3,27
Dionísio Cerqueira;4;Renan Santos;MISSÃO;90;3,13
Dionísio Cerqueira;5;Ronaldo Caiado;PSD;63;2,19
Dionísio Cerqueira;6;Zema;NOVO;15;0,52
Dionísio Cerqueira;7;Samara;UP;9;0,31
Dona Emma;1;Flávio Bolsonaro;PL;1137;70,53
Dona Emma;2;Lula;PT;358;22,21
Dona Emma;3;Renan Santos;MISSÃO;47;2,92
Dona Emma;4;Escritor Augusto Cury;AVANTE;31;1,92
Dona Emma;5;Ronaldo Caiado;PSD;24;1,49
Dona Emma;6;Zema;NOVO;10;0,62
Dona Emma;7;Samara;UP;5;0,31
Doutor Pedrinho;1;Flávio Bolsonaro;PL;1241;73,96
Doutor Pedrinho;2;Lula;PT;314;18,71
Doutor Pedrinho;3;Escritor Augusto Cury;AVANTE;43;2,56
Doutor Pedrinho;4;Renan Santos;MISSÃO;35;2,09
Doutor Pedrinho;5;Ronaldo Caiado;PSD;29;1,73
Doutor Pedrinho;6;Zema;NOVO;9;0,54
Doutor Pedrinho;7;Samara;UP;7;0,42
Entre Rios;1;Flávio Bolsonaro;PL;10766;67,15
Entre Rios;2;Lula;PT;3739;23,32
Entre Rios;3;Escritor Augusto Cury;AVANTE;568;3,54
Entre Rios;4;Renan Santos;MISSÃO;513;3,20
Entre Rios;5;Ronaldo Caiado;PSD;279;1,74
Entre Rios;6;Zema;NOVO;92;0,57
Entre Rios;7;Samara;UP;76;0,47
Ermo;1;Flávio Bolsonaro;PL;3724;63,78
Ermo;2;Lula;PT;1637;28,04
Ermo;3;Escritor Augusto Cury;AVANTE;160;2,74
Ermo;4;Renan Santos;MISSÃO;155;2,65
Ermo;5;Ronaldo Caiado;PSD;111;1,90
Ermo;6;Zema;NOVO;28;0,48
Ermo;7;Samara;UP;24;0,41
Erval Velho;1;Flávio Bolsonaro;PL;4988;64,43
Erval Velho;2;Lula;PT;1902;24,57
Erval Velho;3;Renan Santos;MISSÃO;302;3,90
Erval Velho;4;Escritor Augusto Cury;AVANTE;283;3,66
Erval Velho;5;Ronaldo Caiado;PSD;174;2,25
Erval Velho;6;Zema;NOVO;57;0,74
Erval Velho;7;Samara;UP;36;0,46
Faxinal dos Guedes;1;Flávio Bolsonaro;PL;2844;69,86
Faxinal dos Guedes;2;Lula;PT;882;21,67
Faxinal dos Guedes;3;Escritor Augusto Cury;AVANTE;129;3,17
Faxinal dos Guedes;4;Renan Santos;MISSÃO;96;2,36
Faxinal dos Guedes;5;Ronaldo Caiado;PSD;84;2,06
Faxinal dos Guedes;6;Zema;NOVO;23;0,56
Faxinal dos Guedes;7;Samara;UP;13;0,32
Flor do Sertão;1;Flávio Bolsonaro;PL;2025;57,64
Flor do Sertão;2;Lula;PT;1163;33,11
Flor do Sertão;3;Escritor Augusto Cury;AVANTE;131;3,73
Flor do Sertão;4;Renan Santos;MISSÃO;88;2,50
Flor do Sertão;5;Ronaldo Caiado;PSD;68;1,94
Flor do Sertão;6;Zema;NOVO;20;0,57
Flor do Sertão;7;Samara;UP;18;0,51
Florianópolis;1;Flávio Bolsonaro;PL;189715;61,97
Florianópolis;2;Lula;PT;88242;28,82
Florianópolis;3;Renan Santos;MISSÃO;10861;3,55
Florianópolis;4;Escritor Augusto Cury;AVANTE;9599;3,14
Florianópolis;5;Ronaldo Caiado;PSD;4490;1,47
Florianópolis;6;Zema;NOVO;2214;0,72
Florianópolis;7;Samara;UP;1011;0,33
Formosa do Sul;1;Flávio Bolsonaro;PL;2974;65,62
Formosa do Sul;2;Lula;PT;1166;25,73
Formosa do Sul;3;Renan Santos;MISSÃO;154;3,40
Formosa do Sul;4;Escritor Augusto Cury;AVANTE;102;2,25
Formosa do Sul;5;Ronaldo Caiado;PSD;91;2,01
Formosa do Sul;6;Zema;NOVO;26;0,57
Formosa do Sul;7;Samara;UP;19;0,42
Forquilhinha;1;Flávio Bolsonaro;PL;9285;68,11
Forquilhinha;2;Lula;PT;3118;22,87
Forquilhinha;3;Escritor Augusto Cury;AVANTE;415;3,04
Forquilhinha;4;Renan Santos;MISSÃO;392;2,88
Forquilhinha;5;Ronaldo Caiado;PSD;292;2,14
Forquilhinha;6;Zema;NOVO;84;0,62
Forquilhinha;7;Samara;UP;47;0,34
Fraiburgo;1;Flávio Bolsonaro;PL;3030;66,90
Fraiburgo;2;Lula;PT;1192;26,32
Fraiburgo;3;Escritor Augusto Cury;AVANTE;102;2,25
Fraiburgo;4;Renan Santos;MISSÃO;101;2,23
Fraiburgo;5;Ronaldo Caiado;PSD;66;1,46
Fraiburgo;6;Zema;NOVO;19;0,42
Fraiburgo;7;Samara;UP;19;0,42
Frei Rogério;1;Flávio Bolsonaro;PL;5555;61,86
Frei Rogério;2;Lula;PT;2557;28,47
Frei Rogério;3;Renan Santos;MISSÃO;308;3,43
Frei Rogério;4;Escritor Augusto Cury;AVANTE;285;3,17
Frei Rogério;5;Ronaldo Caiado;PSD;195;2,17
Frei Rogério;6;Zema;NOVO;48;0,53
Frei Rogério;7;Samara;UP;32;0,36
Galvão;1;Flávio Bolsonaro;PL;3388;66,59
Galvão;2;Lula;PT;1177;23,13
Galvão;3;Renan Santos;MISSÃO;172;3,38
Galvão;4;Escritor Augusto Cury;AVANTE;168;3,30
Galvão;5;Ronaldo Caiado;PSD;124;2,44
Galvão;6;Zema;NOVO;40;0,79
Galvão;7;Samara;UP;19;0,37
Garopaba;1;Flávio Bolsonaro;PL;14391;64,49
Garopaba;2;Lula;PT;5812;26,05
Garopaba;3;Escritor Augusto Cury;AVANTE;727;3,26
Garopaba;4;Renan Santos;MISSÃO;649;2,91
Garopaba;5;Ronaldo Caiado;PSD;459;2,06
Garopaba;6;Zema;NOVO;182;0,82
Garopaba;7;Samara;UP;94;0,42
Garuva;1;Flávio Bolsonaro;PL;1706;72,23
Garuva;2;Lula;PT;484;20,49
Garuva;3;Escritor Augusto Cury;AVANTE;51;2,16
Garuva;4;Renan Santos;MISSÃO;50;2,12
Garuva;5;Ronaldo Caiado;PSD;50;2,12
Garuva;6;Zema;NOVO;14;0,59
Garuva;7;Samara;UP;7;0,30
Gaspar;1;Flávio Bolsonaro;PL;4356;65,33
Gaspar;2;Lula;PT;1583;23,74
Gaspar;3;Escritor Augusto Cury;AVANTE;289;4,33
Gaspar;4;Renan Santos;MISSÃO;213;3,19
Gaspar;5;Ronaldo Caiado;PSD;148;2,22
Gaspar;6;Zema;NOVO;50;0,75
Gaspar;7;Samara;UP;29;0,43
Governador Celso Ramos;1;Flávio Bolsonaro;PL;5133;63,25
Governador Celso Ramos;2;Lula;PT;2169;26,73
Governador Celso Ramos;3;Renan Santos;MISSÃO;265;3,27
Governador Celso Ramos;4;Escritor Augusto Cury;AVANTE;257;3,17
Governador Celso Ramos;5;Ronaldo Caiado;PSD;194;2,39
Governador Celso Ramos;6;Zema;NOVO;58;0,71
Governador Celso Ramos;7;Samara;UP;39;0,48
Grão-Pará;1;Flávio Bolsonaro;PL;8469;65,00
Grão-Pará;2;Lula;PT;3467;26,61
Grão-Pará;3;Renan Santos;MISSÃO;416;3,19
Grão-Pará;4;Escritor Augusto Cury;AVANTE;304;2,33
Grão-Pará;5;Ronaldo Caiado;PSD;211;1,62
Grão-Pará;6;Zema;NOVO;96;0,74
Grão-Pará;7;Samara;UP;66;0,51
Gravatal;1;Flávio Bolsonaro;PL;3062;70,91
Gravatal;2;Lula;PT;921;21,33
Gravatal;3;Renan Santos;MISSÃO;128;2,96
Gravatal;4;Escritor Augusto Cury;AVANTE;88;2,04
Gravatal;5;Ronaldo Caiado;PSD;79;1,83
Gravatal;6;Zema;NOVO;22;0,51
Gravatal;7;Samara;UP;18;0,42
Guabiruba;1;Flávio Bolsonaro;PL;3717;66,78
Guabiruba;2;Lula;PT;1407;25,28
Guabiruba;3;Renan Santos;MISSÃO;147;2,64
Guabiruba;4;Escritor Augusto Cury;AVANTE;122;2,19
Guabiruba;5;Ronaldo Caiado;PSD;113;2,03
Guabiruba;6;Zema;NOVO;36;0,65
Guabiruba;7;Samara;UP;24;0,43
Guaraciaba;1;Flávio Bolsonaro;PL;2854;74,65
Guaraciaba;2;Lula;PT;683;17,87
Guaraciaba;3;Renan Santos;MISSÃO;112;2,93
Guaraciaba;4;Escritor Augusto Cury;AVANTE;95;2,48
Guaraciaba;5;Ronaldo Caiado;PSD;53;1,39
Guaraciaba;6;Zema;NOVO;15;0,39
Guaraciaba;7;Samara;UP;11;0,29
Guaramirim;1;Flávio Bolsonaro;PL;3443;60,97
Guaramirim;2;Lula;PT;1624;28,76
Guaramirim;3;Escritor Augusto Cury;AVANTE;224;3,97
Guaramirim;4;Ronaldo Caiado;PSD;155;2,74
Guaramirim;5;Renan Santos;MISSÃO;147;2,60
Guaramirim;6;Zema;NOVO;35;0,62
Guaramirim;7;Samara;UP;19;0,34
Guarujá do Sul;1;Flávio Bolsonaro;PL;29643;63,74
Guarujá do Sul;2;Lula;PT;12201;26,23
Guarujá do Sul;3;Escritor Augusto Cury;AVANTE;1627;3,50
Guarujá do Sul;4;Renan Santos;MISSÃO;1526;3,28
Guarujá do Sul;5;Ronaldo Caiado;PSD;1034;2,22
Guarujá do Sul;6;Zema;NOVO;249;0,54
Guarujá do Sul;7;Samara;UP;229;0,49
Guatambú;1;Flávio Bolsonaro;PL;9056;71,36
Guatambú;2;Lula;PT;2512;19,79
Guatambú;3;Escritor Augusto Cury;AVANTE;361;2,84
Guatambú;4;Renan Santos;MISSÃO;351;2,77
Guatambú;5;Ronaldo Caiado;PSD;298;2,35
Guatambú;6;Zema;NOVO;61;0,48
Guatambú;7;Samara;UP;52;0,41
Herval d'Oeste;1;Flávio Bolsonaro;PL;26751;67,12
Herval d'Oeste;2;Lula;PT;9463;23,74
Herval d'Oeste;3;Renan Santos;MISSÃO;1483;3,72
Herval d'Oeste;4;Escritor Augusto Cury;AVANTE;1085;2,72
Herval d'Oeste;5;Ronaldo Caiado;PSD;640;1,61
Herval d'Oeste;6;Zema;NOVO;233;0,58
Herval d'Oeste;7;Samara;UP;202;0,51
Ibiam;1;Flávio Bolsonaro;PL;1289;69,34
Ibiam;2;Lula;PT;437;23,51
Ibiam;3;Renan Santos;MISSÃO;51;2,74
Ibiam;4;Escritor Augusto Cury;AVANTE;42;2,26
Ibiam;5;Ronaldo Caiado;PSD;26;1,40
Ibiam;6;Zema;NOVO;8;0,43
Ibiam;7;Samara;UP;6;0,32
Ibicaré;1;Flávio Bolsonaro;PL;10134;69,33
Ibicaré;2;Lula;PT;3252;22,25
Ibicaré;3;Escritor Augusto Cury;AVANTE;472;3,23
Ibicaré;4;Renan Santos;MISSÃO;412;2,82
Ibicaré;5;Ronaldo Caiado;PSD;227;1,55
Ibicaré;6;Zema;NOVO;62;0,42
Ibicaré;7;Samara;UP;58;0,40
Ibirama;1;Flávio Bolsonaro;PL;12698;60,39
Ibirama;2;Lula;PT;6529;31,05
Ibirama;3;Renan Santos;MISSÃO;579;2,75
Ibirama;4;Escritor Augusto Cury;AVANTE;570;2,71
Ibirama;5;Ronaldo Caiado;PSD;400;1,90
Ibirama;6;Zema;NOVO;137;0,65
Ibirama;7;Samara;UP;115;0,55
Içara;1;Flávio Bolsonaro;PL;9620;73,39
Içara;2;Lula;PT;2361;18,01
Içara;3;Escritor Augusto Cury;AVANTE;434;3,31
Içara;4;Renan Santos;MISSÃO;365;2,78
Içara;5;Ronaldo Caiado;PSD;239;1,82
Içara;6;Zema;NOVO;52;0,40
Içara;7;Samara;UP;37;0,28
Ilhota;1;Flávio Bolsonaro;PL;1849;63,41
Ilhota;2;Lula;PT;798;27,37
Ilhota;3;Renan Santos;MISSÃO;98;3,36
Ilhota;4;Escritor Augusto Cury;AVANTE;77;2,64
Ilhota;5;Ronaldo Caiado;PSD;66;2,26
Ilhota;6;Zema;NOVO;15;0,51
Ilhota;7;Samara;UP;13;0,45
Imaruí;1;Flávio Bolsonaro;PL;12289;71,19
Imaruí;2;Lula;PT;3759;21,78
Imaruí;3;Escritor Augusto Cury;AVANTE;381;2,21
Imaruí;4;Renan Santos;MISSÃO;377;2,18
Imaruí;5;Ronaldo Caiado;PSD;320;1,85
Imaruí;6;Zema;NOVO;87;0,50
Imaruí;7;Samara;UP;49;0,28
Imbituba;1;Flávio Bolsonaro;PL;2226;69,39
Imbituba;2;Lula;PT;734;22,88
Imbituba;3;Escritor Augusto Cury;AVANTE;84;2,62
Imbituba;4;Renan Santos;MISSÃO;78;2,43
Imbituba;5;Ronaldo Caiado;PSD;57;1,78
Imbituba;6;Zema;NOVO;18;0,56
Imbituba;7;Samara;UP;11;0,34
Imbuia;1;Flávio Bolsonaro;PL;5911;59,29
Imbuia;2;Lula;PT;3146;31,55
Imbuia;3;Escritor Augusto Cury;AVANTE;314;3,15
Imbuia;4;Renan Santos;MISSÃO;249;2,50
Imbuia;5;Ronaldo Caiado;PSD;234;2,35
Imbuia;6;Zema;NOVO;75;0,75
Imbuia;7;Samara;UP;41;0,41
Indaial;1;Flávio Bolsonaro;PL;8411;63,65
Indaial;2;Lula;PT;3573;27,04
Indaial;3;Escritor Augusto Cury;AVANTE;420;3,18
Indaial;4;Renan Santos;MISSÃO;390;2,95
Indaial;5;Ronaldo Caiado;PSD;279;2,11
Indaial;6;Zema;NOVO;93;0,70
Indaial;7;Samara;UP;49;0,37
Iomerê;1;Flávio Bolsonaro;PL;3748;68,00
Iomerê;2;Lula;PT;1269;23,02
Iomerê;3;Escritor Augusto Cury;AVANTE;170;3,08
Iomerê;4;Renan Santos;MISSÃO;152;2,76
Iomerê;5;Ronaldo Caiado;PSD;114;2,07
Iomerê;6;Zema;NOVO;40;0,73
Iomerê;7;Samara;UP;19;0,34
Ipira;1;Flávio Bolsonaro;PL;1004;63,18
Ipira;2;Lula;PT;438;27,56
Ipira;3;Escritor Augusto Cury;AVANTE;60;3,78
Ipira;4;Renan Santos;MISSÃO;41;2,58
Ipira;5;Ronaldo Caiado;PSD;29;1,83
Ipira;6;Zema;NOVO;10;0,63
Ipira;7;Samara;UP;7;0,44
Iporã do Oeste;1;Flávio Bolsonaro;PL;1025;64,14
Iporã do Oeste;2;Lula;PT;396;24,78
Iporã do Oeste;3;Escritor Augusto Cury;AVANTE;64;4,01
Iporã do Oeste;4;Renan Santos;MISSÃO;56;3,50
Iporã do Oeste;5;Ronaldo Caiado;PSD;40;2,50
Iporã do Oeste;6;Zema;NOVO;10;0,63
Iporã do Oeste;7;Samara;UP;7;0,44
Ipuaçu;1;Flávio Bolsonaro;PL;9611;66,33
Ipuaçu;2;Lula;PT;3370;23,26
Ipuaçu;3;Escritor Augusto Cury;AVANTE;566;3,91
Ipuaçu;4;Renan Santos;MISSÃO;488;3,37
Ipuaçu;5;Ronaldo Caiado;PSD;294;2,03
Ipuaçu;6;Zema;NOVO;105;0,72
Ipuaçu;7;Samara;UP;56;0,39
Ipumirim;1;Flávio Bolsonaro;PL;2143;69,29
Ipumirim;2;Lula;PT;719;23,25
Ipumirim;3;Escritor Augusto Cury;AVANTE;80;2,59
Ipumirim;4;Renan Santos;MISSÃO;71;2,30
Ipumirim;5;Ronaldo Caiado;PSD;57;1,84
Ipumirim;6;Zema;NOVO;15;0,48
Ipumirim;7;Samara;UP;8;0,26
Iraceminha;1;Flávio Bolsonaro;PL;14190;69,17
Iraceminha;2;Lula;PT;4576;22,30
Iraceminha;3;Renan Santos;MISSÃO;565;2,75
Iraceminha;4;Escritor Augusto Cury;AVANTE;532;2,59
Iraceminha;5;Ronaldo Caiado;PSD;487;2,37
Iraceminha;6;Zema;NOVO;90;0,44
Iraceminha;7;Samara;UP;76;0,37
Irani;1;Flávio Bolsonaro;PL;2678;70,83
Irani;2;Lula;PT;777;20,55
Irani;3;Escritor Augusto Cury;AVANTE;114;3,02
Irani;4;Renan Santos;MISSÃO;111;2,94
Irani;5;Ronaldo Caiado;PSD;60;1,59
Irani;6;Zema;NOVO;23;0,61
Irani;7;Samara;UP;18;0,48
Irati;1;Flávio Bolsonaro;PL;2230;65,59
Irati;2;Lula;PT;812;23,88
Irati;3;Renan Santos;MISSÃO;118;3,47
Irati;4;Escritor Augusto Cury;AVANTE;105;3,09
Irati;5;Ronaldo Caiado;PSD;89;2,62
Irati;6;Zema;NOVO;28;0,82
Irati;7;Samara;UP;18;0,53
Irineópolis;1;Flávio Bolsonaro;PL;2732;67,74
Irineópolis;2;Lula;PT;894;22,17
Irineópolis;3;Escritor Augusto Cury;AVANTE;142;3,52
Irineópolis;4;Renan Santos;MISSÃO;115;2,85
Irineópolis;5;Ronaldo Caiado;PSD;99;2,45
Irineópolis;6;Zema;NOVO;32;0,79
Irineópolis;7;Samara;UP;19;0,47
Itá;1;Flávio Bolsonaro;PL;1164;59,78
Itá;2;Lula;PT;607;31,18
Itá;3;Escritor Augusto Cury;AVANTE;67;3,44
Itá;4;Renan Santos;MISSÃO;60;3,08
Itá;5;Ronaldo Caiado;PSD;32;1,64
Itá;6;Zema;NOVO;9;0,46
Itá;7;Samara;UP;8;0,41
Itaiópolis;1;Flávio Bolsonaro;PL;3841;65,64
Itaiópolis;2;Lula;PT;1318;22,52
Itaiópolis;3;Renan Santos;MISSÃO;255;4,36
Itaiópolis;4;Escritor Augusto Cury;AVANTE;208;3,55
Itaiópolis;5;Ronaldo Caiado;PSD;148;2,53
Itaiópolis;6;Zema;NOVO;48;0,82
Itaiópolis;7;Samara;UP;34;0,58
Itajaí;1;Flávio Bolsonaro;PL;97951;68,45
Itajaí;2;Lula;PT;30512;21,32
Itajaí;3;Renan Santos;MISSÃO;4977;3,48
Itajaí;4;Escritor Augusto Cury;AVANTE;4905;3,43
Itajaí;5;Ronaldo Caiado;PSD;3432;2,40
Itajaí;6;Zema;NOVO;791;0,55
Itajaí;7;Samara;UP;524;0,37
Itapema;1;Flávio Bolsonaro;PL;3678;64,69
Itapema;2;Lula;PT;1426;25,08
Itapema;3;Renan Santos;MISSÃO;197;3,46
Itapema;4;Escritor Augusto Cury;AVANTE;193;3,39
Itapema;5;Ronaldo Caiado;PSD;129;2,27
Itapema;6;Zema;NOVO;42;0,74
Itapema;7;Samara;UP;21;0,37
Itapiranga;1;Flávio Bolsonaro;PL;2285;63,10
Itapiranga;2;Lula;PT;980;27,06
Itapiranga;3;Renan Santos;MISSÃO;129;3,56
Itapiranga;4;Escritor Augusto Cury;AVANTE;106;2,93
Itapiranga;5;Ronaldo Caiado;PSD;88;2,43
Itapiranga;6;Zema;NOVO;19;0,52
Itapiranga;7;Samara;UP;14;0,39
Itapoá;1;Flávio Bolsonaro;PL;1655;73,56
Itapoá;2;Lula;PT;420;18,67
Itapoá;3;Escritor Augusto Cury;AVANTE;70;3,11
Itapoá;4;Renan Santos;MISSÃO;52;2,31
Itapoá;5;Ronaldo Caiado;PSD;34;1,51
Itapoá;6;Zema;NOVO;13;0,58
Itapoá;7;Samara;UP;6;0,27
Ituporanga;1;Flávio Bolsonaro;PL;7676;59,63
Ituporanga;2;Lula;PT;4017;31,21
Ituporanga;3;Escritor Augusto Cury;AVANTE;454;3,53
Ituporanga;4;Renan Santos;MISSÃO;353;2,74
Ituporanga;5;Ronaldo Caiado;PSD;240;1,86
Ituporanga;6;Zema;NOVO;85;0,66
Ituporanga;7;Samara;UP;47;0,37
Jaborá;1;Lula;PT;2029;63,57
Jaborá;2;Flávio Bolsonaro;PL;821;25,72
Jaborá;3;Renan Santos;MISSÃO;123;3,85
Jaborá;4;Escritor Augusto Cury;AVANTE;103;3,23
Jaborá;5;Ronaldo Caiado;PSD;79;2,47
Jaborá;6;Zema;NOVO;25;0,78
Jaborá;7;Samara;UP;12;0,38
Jacinto Machado;1;Flávio Bolsonaro;PL;12128;65,51
Jacinto Machado;2;Lula;PT;4957;26,77
Jacinto Machado;3;Renan Santos;MISSÃO;524;2,83
Jacinto Machado;4;Escritor Augusto Cury;AVANTE;376;2,03
Jacinto Machado;5;Ronaldo Caiado;PSD;362;1,96
Jacinto Machado;6;Zema;NOVO;89;0,48
Jacinto Machado;7;Samara;UP;78;0,42
Jaguaruna;1;Flávio Bolsonaro;PL;8577;65,94
Jaguaruna;2;Lula;PT;3334;25,63
Jaguaruna;3;Renan Santos;MISSÃO;401;3,08
Jaguaruna;4;Escritor Augusto Cury;AVANTE;335;2,58
Jaguaruna;5;Ronaldo Caiado;PSD;234;1,80
Jaguaruna;6;Zema;NOVO;77;0,59
Jaguaruna;7;Samara;UP;50;0,38
Jaraguá do Sul;1;Flávio Bolsonaro;PL;58624;58,51
Jaraguá do Sul;2;Lula;PT;29499;29,44
Jaraguá do Sul;3;Escritor Augusto Cury;AVANTE;4194;4,19
Jaraguá do Sul;4;Renan Santos;MISSÃO;3976;3,97
Jaraguá do Sul;5;Ronaldo Caiado;PSD;2515;2,51
Jaraguá do Sul;6;Zema;NOVO;834;0,83
Jaraguá do Sul;7;Samara;UP;554;0,55
Jardinópolis;1;Flávio Bolsonaro;PL;2727;65,19
Jardinópolis;2;Lula;PT;991;23,69
Jardinópolis;3;Escritor Augusto Cury;AVANTE;164;3,92
Jardinópolis;4;Renan Santos;MISSÃO;140;3,35
Jardinópolis;5;Ronaldo Caiado;PSD;104;2,49
Jardinópolis;6;Zema;NOVO;34;0,81
Jardinópolis;7;Samara;UP;23;0,55
Joaçaba;1;Flávio Bolsonaro;PL;12750;63,38
Joaçaba;2;Lula;PT;5695;28,31
Joaçaba;3;Escritor Augusto Cury;AVANTE;568;2,82
Joaçaba;4;Renan Santos;MISSÃO;511;2,54
Joaçaba;5;Ronaldo Caiado;PSD;389;1,93
Joaçaba;6;Zema;NOVO;111;0,55
Joaçaba;7;Samara;UP;92;0,46
Joinville;1;Flávio Bolsonaro;PL;215323;59,93
Joinville;2;Lula;PT;111856;31,13
Joinville;3;Escritor Augusto Cury;AVANTE;10318;2,87
Joinville;4;Renan Santos;MISSÃO;9828;2,74
Joinville;5;Ronaldo Caiado;PSD;8774;2,44
Joinville;6;Zema;NOVO;1766;0,49
Joinville;7;Samara;UP;1407;0,39
José Boiteux;1;Flávio Bolsonaro;PL;3960;63,34
José Boiteux;2;Lula;PT;1785;28,55
José Boiteux;3;Renan Santos;MISSÃO;169;2,70
José Boiteux;4;Escritor Augusto Cury;AVANTE;152;2,43
José Boiteux;5;Ronaldo Caiado;PSD;125;2,00
José Boiteux;6;Zema;NOVO;33;0,53
José Boiteux;7;Samara;UP;28;0,45
Jupiá;1;Flávio Bolsonaro;PL;16095;67,53
Jupiá;2;Lula;PT;5509;23,12
Jupiá;3;Escritor Augusto Cury;AVANTE;768;3,22
Jupiá;4;Renan Santos;MISSÃO;717;3,01
Jupiá;5;Ronaldo Caiado;PSD;490;2,06
Jupiá;6;Zema;NOVO;169;0,71
Jupiá;7;Samara;UP;85;0,36
Lacerdópolis;1;Flávio Bolsonaro;PL;5807;58,97
Lacerdópolis;2;Lula;PT;2949;29,95
Lacerdópolis;3;Renan Santos;MISSÃO;406;4,12
Lacerdópolis;4;Escritor Augusto Cury;AVANTE;404;4,10
Lacerdópolis;5;Ronaldo Caiado;PSD;192;1,95
Lacerdópolis;6;Zema;NOVO;51;0,52
Lacerdópolis;7;Samara;UP;39;0,40
Lages;1;Flávio Bolsonaro;PL;60906;66,95
Lages;2;Lula;PT;21754;23,91
Lages;3;Escritor Augusto Cury;AVANTE;2833;3,11
Lages;4;Renan Santos;MISSÃO;2793;3,07
Lages;5;Ronaldo Caiado;PSD;1652;1,82
Lages;6;Zema;NOVO;629;0,69
Lages;7;Samara;UP;401;0,44
Laguna;1;Flávio Bolsonaro;PL;3285;56,63
Laguna;2;Lula;PT;1939;33,43
Laguna;3;Renan Santos;MISSÃO;205;3,53
Laguna;4;Escritor Augusto Cury;AVANTE;185;3,19
Laguna;5;Ronaldo Caiado;PSD;123;2,12
Laguna;6;Zema;NOVO;33;0,57
Laguna;7;Samara;UP;31;0,53
Lajeado Grande;1;Flávio Bolsonaro;PL;10324;68,15
Lajeado Grande;2;Lula;PT;3479;22,97
Lajeado Grande;3;Renan Santos;MISSÃO;503;3,32
Lajeado Grande;4;Escritor Augusto Cury;AVANTE;462;3,05
Lajeado Grande;5;Ronaldo Caiado;PSD;256;1,69
Lajeado Grande;6;Zema;NOVO;80;0,53
Lajeado Grande;7;Samara;UP;44;0,29
Laurentino;1;Flávio Bolsonaro;PL;9644;57,34
Laurentino;2;Lula;PT;5500;32,70
Laurentino;3;Escritor Augusto Cury;AVANTE;648;3,85
Laurentino;4;Renan Santos;MISSÃO;448;2,66
Laurentino;5;Ronaldo Caiado;PSD;414;2,46
Laurentino;6;Zema;NOVO;109;0,65
Laurentino;7;Samara;UP;57;0,34
Lauro Muller;1;Flávio Bolsonaro;PL;1898;69,35
Lauro Muller;2;Lula;PT;577;21,08
Lauro Muller;3;Renan Santos;MISSÃO;89;3,25
Lauro Muller;4;Escritor Augusto Cury;AVANTE;88;3,22
Lauro Muller;5;Ronaldo Caiado;PSD;58;2,12
Lauro Muller;6;Zema;NOVO;15;0,55
Lauro Muller;7;Samara;UP;12;0,44
Lebon Régis;1;Flávio Bolsonaro;PL;6604;64,90
Lebon Régis;2;Lula;PT;2697;26,50
Lebon Régis;3;Escritor Augusto Cury;AVANTE;310;3,05
Lebon Régis;4;Renan Santos;MISSÃO;245;2,41
Lebon Régis;5;Ronaldo Caiado;PSD;202;1,99
Lebon Régis;6;Zema;NOVO;80;0,79
Lebon Régis;7;Samara;UP;38;0,37
Leoberto Leal;1;Flávio Bolsonaro;PL;8544;60,25
Leoberto Leal;2;Lula;PT;4247;29,95
Leoberto Leal;3;Escritor Augusto Cury;AVANTE;496;3,50
Leoberto Leal;4;Renan Santos;MISSÃO;458;3,23
Leoberto Leal;5;Ronaldo Caiado;PSD;260;1,83
Leoberto Leal;6;Zema;NOVO;119;0,84
Leoberto Leal;7;Samara;UP;58;0,41
Lindóia do Sul;1;Flávio Bolsonaro;PL;4301;67,37
Lindóia do Sul;2;Lula;PT;1518;23,78
Lindóia do Sul;3;Escritor Augusto Cury;AVANTE;237;3,71
Lindóia do Sul;4;Renan Santos;MISSÃO;167;2,62
Lindóia do Sul;5;Ronaldo Caiado;PSD;107;1,68
Lindóia do Sul;6;Zema;NOVO;32;0,50
Lindóia do Sul;7;Samara;UP;22;0,34
Lontras;1;Flávio Bolsonaro;PL;3693;62,73
Lontras;2;Lula;PT;1738;29,52
Lontras;3;Escritor Augusto Cury;AVANTE;153;2,60
Lontras;4;Renan Santos;MISSÃO;150;2,55
Lontras;5;Ronaldo Caiado;PSD;110;1,87
Lontras;6;Zema;NOVO;26;0,44
Lontras;7;Samara;UP;17;0,29
Luiz Alves;1;Flávio Bolsonaro;PL;1079;72,91
Luiz Alves;2;Lula;PT;275;18,58
Luiz Alves;3;Renan Santos;MISSÃO;47;3,18
Luiz Alves;4;Escritor Augusto Cury;AVANTE;38;2,57
Luiz Alves;5;Ronaldo Caiado;PSD;30;2,03
Luiz Alves;6;Zema;NOVO;6;0,41
Luiz Alves;7;Samara;UP;5;0,34
Luzerna;1;Flávio Bolsonaro;PL;2460;67,82
Luzerna;2;Lula;PT;851;23,46
Luzerna;3;Renan Santos;MISSÃO;103;2,84
Luzerna;4;Escritor Augusto Cury;AVANTE;99;2,73
Luzerna;5;Ronaldo Caiado;PSD;80;2,21
Luzerna;6;Zema;NOVO;22;0,61
Luzerna;7;Samara;UP;12;0,33
Macieira;1;Flávio Bolsonaro;PL;2602;67,43
Macieira;2;Lula;PT;966;25,03
Macieira;3;Escritor Augusto Cury;AVANTE;115;2,98
Macieira;4;Renan Santos;MISSÃO;96;2,49
Macieira;5;Ronaldo Caiado;PSD;52;1,35
Macieira;6;Zema;NOVO;16;0,41
Macieira;7;Samara;UP;12;0,31
Mafra;1;Flávio Bolsonaro;PL;7548;66,29
Mafra;2;Lula;PT;2861;25,13
Mafra;3;Escritor Augusto Cury;AVANTE;361;3,17
Mafra;4;Renan Santos;MISSÃO;343;3,01
Mafra;5;Ronaldo Caiado;PSD;166;1,46
Mafra;6;Zema;NOVO;61;0,54
Mafra;7;Samara;UP;46;0,40
Major Gercino;1;Flávio Bolsonaro;PL;1794;66,77
Major Gercino;2;Lula;PT;688;25,60
Major Gercino;3;Renan Santos;MISSÃO;78;2,90
Major Gercino;4;Ronaldo Caiado;PSD;55;2,05
Major Gercino;5;Escritor Augusto Cury;AVANTE;53;1,97
Major Gercino;6;Zema;NOVO;12;0,45
Major Gercino;7;Samara;UP;7;0,26
Major Vieira;1;Flávio Bolsonaro;PL;5685;61,77
Major Vieira;2;Lula;PT;2712;29,47
Major Vieira;3;Renan Santos;MISSÃO;296;3,22
Major Vieira;4;Escritor Augusto Cury;AVANTE;214;2,33
Major Vieira;5;Ronaldo Caiado;PSD;207;2,25
Major Vieira;6;Zema;NOVO;60;0,65
Major Vieira;7;Samara;UP;30;0,33
Maracajá;1;Flávio Bolsonaro;PL;5079;68,98
Maracajá;2;Lula;PT;1535;20,85
Maracajá;3;Escritor Augusto Cury;AVANTE;292;3,97
Maracajá;4;Renan Santos;MISSÃO;217;2,95
Maracajá;5;Ronaldo Caiado;PSD;159;2,16
Maracajá;6;Zema;NOVO;53;0,72
Maracajá;7;Samara;UP;28;0,38
Maravilha;1;Flávio Bolsonaro;PL;2841;56,20
Maravilha;2;Lula;PT;1718;33,99
Maravilha;3;Escritor Augusto Cury;AVANTE;177;3,50
Maravilha;4;Renan Santos;MISSÃO;162;3,20
Maravilha;5;Ronaldo Caiado;PSD;100;1,98
Maravilha;6;Zema;NOVO;31;0,61
Maravilha;7;Samara;UP;26;0,51
Marema;1;Flávio Bolsonaro;PL;3737;68,57
Marema;2;Lula;PT;1210;22,20
Marema;3;Escritor Augusto Cury;AVANTE;204;3,74
Marema;4;Renan Santos;MISSÃO;140;2,57
Marema;5;Ronaldo Caiado;PSD;106;1,94
Marema;6;Zema;NOVO;30;0,55
Marema;7;Samara;UP;23;0,42
Massaranduba;1;Flávio Bolsonaro;PL;5029;70,07
Massaranduba;2;Lula;PT;1528;21,29
Massaranduba;3;Escritor Augusto Cury;AVANTE;230;3,20
Massaranduba;4;Renan Santos;MISSÃO;221;3,08
Massaranduba;5;Ronaldo Caiado;PSD;99;1,38
Massaranduba;6;Zema;NOVO;38;0,53
Massaranduba;7;Samara;UP;32;0,45
Matos Costa;1;Flávio Bolsonaro;PL;8472;65,15
Matos Costa;2;Lula;PT;3254;25,02
Matos Costa;3;Escritor Augusto Cury;AVANTE;442;3,40
Matos Costa;4;Renan Santos;MISSÃO;400;3,08
Matos Costa;5;Ronaldo Caiado;PSD;273;2,10
Matos Costa;6;Zema;NOVO;93;0,72
Matos Costa;7;Samara;UP;70;0,54
Meleiro;1;Flávio Bolsonaro;PL;2497;70,12
Meleiro;2;Lula;PT;787;22,10
Meleiro;3;Renan Santos;MISSÃO;104;2,92
Meleiro;4;Escritor Augusto Cury;AVANTE;91;2,56
Meleiro;5;Ronaldo Caiado;PSD;52;1,46
Meleiro;6;Zema;NOVO;17;0,48
Meleiro;7;Samara;UP;13;0,37
Mirim Doce;1;Flávio Bolsonaro;PL;3853;69,52
Mirim Doce;2;Lula;PT;1148;20,71
Mirim Doce;3;Renan Santos;MISSÃO;206;3,72
Mirim Doce;4;Escritor Augusto Cury;AVANTE;182;3,28
Mirim Doce;5;Ronaldo Caiado;PSD;94;1,70
Mirim Doce;6;Zema;NOVO;40;0,72
Mirim Doce;7;Samara;UP;19;0,34
Modelo;1;Flávio Bolsonaro;PL;5437;62,99
Modelo;2;Lula;PT;2174;25,19
Modelo;3;Escritor Augusto Cury;AVANTE;346;4,01
Modelo;4;Renan Santos;MISSÃO;346;4,01
Modelo;5;Ronaldo Caiado;PSD;221;2,56
Modelo;6;Zema;NOVO;68;0,79
Modelo;7;Samara;UP;39;0,45
Mondaí;1;Flávio Bolsonaro;PL;3043;61,91
Mondaí;2;Lula;PT;1401;28,50
Mondaí;3;Renan Santos;MISSÃO;175;3,56
Mondaí;4;Escritor Augusto Cury;AVANTE;147;2,99
Mondaí;5;Ronaldo Caiado;PSD;97;1,97
Mondaí;6;Zema;NOVO;31;0,63
Mondaí;7;Samara;UP;21;0,43
Monte Carlo;1;Flávio Bolsonaro;PL;2673;62,97
Monte Carlo;2;Lula;PT;1117;26,31
Monte Carlo;3;Escritor Augusto Cury;AVANTE;164;3,86
Monte Carlo;4;Renan Santos;MISSÃO;149;3,51
Monte Carlo;5;Ronaldo Caiado;PSD;95;2,24
Monte Carlo;6;Zema;NOVO;26;0,61
Monte Carlo;7;Samara;UP;21;0,49
Monte Castelo;1;Flávio Bolsonaro;PL;957;62,59
Monte Castelo;2;Lula;PT;425;27,80
Monte Castelo;3;Renan Santos;MISSÃO;51;3,34
Monte Castelo;4;Escritor Augusto Cury;AVANTE;48;3,14
Monte Castelo;5;Ronaldo Caiado;PSD;36;2,35
Monte Castelo;6;Zema;NOVO;6;0,39
Monte Castelo;7;Samara;UP;6;0,39
Morro da Fumaça;1;Flávio Bolsonaro;PL;8753;60,93
Morro da Fumaça;2;Lula;PT;4190;29,17
Morro da Fumaça;3;Renan Santos;MISSÃO;586;4,08
Morro da Fumaça;4;Escritor Augusto Cury;AVANTE;366;2,55
Morro da Fumaça;5;Ronaldo Caiado;PSD;315;2,19
Morro da Fumaça;6;Zema;NOVO;100;0,70
Morro da Fumaça;7;Samara;UP;55;0,38
Morro Grande;1;Flávio Bolsonaro;PL;3353;64,04
Morro Grande;2;Lula;PT;1442;27,54
Morro Grande;3;Escritor Augusto Cury;AVANTE;179;3,42
Morro Grande;4;Renan Santos;MISSÃO;131;2,50
Morro Grande;5;Ronaldo Caiado;PSD;85;1,62
Morro Grande;6;Zema;NOVO;28;0,53
Morro Grande;7;Samara;UP;18;0,34
Navegantes;1;Flávio Bolsonaro;PL;4197;65,98
Navegantes;2;Lula;PT;1569;24,67
Navegantes;3;Renan Santos;MISSÃO;234;3,68
Navegantes;4;Ronaldo Caiado;PSD;154;2,42
Navegantes;5;Escritor Augusto Cury;AVANTE;152;2,39
Navegantes;6;Zema;NOVO;32;0,50
Navegantes;7;Samara;UP;23;0,36
Nova Erechim;1;Flávio Bolsonaro;PL;2785;71,78
Nova Erechim;2;Lula;PT;793;20,44
Nova Erechim;3;Escritor Augusto Cury;AVANTE;116;2,99
Nova Erechim;4;Renan Santos;MISSÃO;92;2,37
Nova Erechim;5;Ronaldo Caiado;PSD;63;1,62
Nova Erechim;6;Zema;NOVO;18;0,46
Nova Erechim;7;Samara;UP;13;0,34
Nova Itaberaba;1;Flávio Bolsonaro;PL;6253;66,14
Nova Itaberaba;2;Lula;PT;2386;25,24
Nova Itaberaba;3;Renan Santos;MISSÃO;322;3,41
Nova Itaberaba;4;Escritor Augusto Cury;AVANTE;221;2,34
Nova Itaberaba;5;Ronaldo Caiado;PSD;199;2,10
Nova Itaberaba;6;Zema;NOVO;46;0,49
Nova Itaberaba;7;Samara;UP;27;0,29
Nova Trento;1;Flávio Bolsonaro;PL;1326;66,13
Nova Trento;2;Lula;PT;462;23,04
Nova Trento;3;Renan Santos;MISSÃO;77;3,84
Nova Trento;4;Escritor Augusto Cury;AVANTE;64;3,19
Nova Trento;5;Ronaldo Caiado;PSD;57;2,84
Nova Trento;6;Zema;NOVO;12;0,60
Nova Trento;7;Samara;UP;7;0,35
Nova Veneza;1;Flávio Bolsonaro;PL;948;61,48
Nova Veneza;2;Lula;PT;438;28,40
Nova Veneza;3;Renan Santos;MISSÃO;59;3,83
Nova Veneza;4;Escritor Augusto Cury;AVANTE;51;3,31
Nova Veneza;5;Ronaldo Caiado;PSD;34;2,20
Nova Veneza;6;Zema;NOVO;7;0,45
Nova Veneza;7;Samara;UP;5;0,32
Novo Horizonte;1;Flávio Bolsonaro;PL;1311;63,27
Novo Horizonte;2;Lula;PT;563;27,17
Novo Horizonte;3;Escritor Augusto Cury;AVANTE;70;3,38
Novo Horizonte;4;Renan Santos;MISSÃO;69;3,33
Novo Horizonte;5;Ronaldo Caiado;PSD;38;1,83
Novo Horizonte;6;Zema;NOVO;12;0,58
Novo Horizonte;7;Samara;UP;9;0,43
Orleans;1;Flávio Bolsonaro;PL;3677;63,41
Orleans;2;Lula;PT;1569;27,06
Orleans;3;Renan Santos;MISSÃO;209;3,60
Orleans;4;Escritor Augusto Cury;AVANTE;168;2,90
Orleans;5;Ronaldo Caiado;PSD;113;1,95
Orleans;6;Zema;NOVO;38;0,66
Orleans;7;Samara;UP;25;0,43
Otacílio Costa;1;Flávio Bolsonaro;PL;4642;62,86
Otacílio Costa;2;Lula;PT;1982;26,84
Otacílio Costa;3;Escritor Augusto Cury;AVANTE;277;3,75
Otacílio Costa;4;Renan Santos;MISSÃO;214;2,90
Otacílio Costa;5;Ronaldo Caiado;PSD;180;2,44
Otacílio Costa;6;Zema;NOVO;47;0,64
Otacílio Costa;7;Samara;UP;43;0,58
Ouro;1;Lula;PT;10195;70,13
Ouro;2;Flávio Bolsonaro;PL;3148;21,66
Ouro;3;Renan Santos;MISSÃO;456;3,14
Ouro;4;Escritor Augusto Cury;AVANTE;404;2,78
Ouro;5;Ronaldo Caiado;PSD;209;1,44
Ouro;6;Zema;NOVO;71;0,49
Ouro;7;Samara;UP;54;0,37
Ouro Verde;1;Flávio Bolsonaro;PL;3114;73,88
Ouro Verde;2;Lula;PT;741;17,58
Ouro Verde;3;Escritor Augusto Cury;AVANTE;134;3,18
Ouro Verde;4;Renan Santos;MISSÃO;96;2,28
Ouro Verde;5;Ronaldo Caiado;PSD;88;2,09
Ouro Verde;6;Zema;NOVO;24;0,57
Ouro Verde;7;Samara;UP;18;0,43
Paial;1;Flávio Bolsonaro;PL;1848;60,51
Paial;2;Lula;PT;954;31,24
Paial;3;Escritor Augusto Cury;AVANTE;86;2,82
Paial;4;Renan Santos;MISSÃO;74;2,42
Paial;5;Ronaldo Caiado;PSD;59;1,93
Paial;6;Zema;NOVO;18;0,59
Paial;7;Samara;UP;15;0,49
Painel;1;Flávio Bolsonaro;PL;3337;64,40
Painel;2;Lula;PT;1299;25,07
Painel;3;Renan Santos;MISSÃO;190;3,67
Painel;4;Escritor Augusto Cury;AVANTE;183;3,53
Painel;5;Ronaldo Caiado;PSD;119;2,30
Painel;6;Zema;NOVO;34;0,66
Painel;7;Samara;UP;20;0,39
Palhoça;1;Flávio Bolsonaro;PL;82446;67,28
Palhoça;2;Lula;PT;29772;24,30
Palhoça;3;Renan Santos;MISSÃO;4195;3,42
Palhoça;4;Escritor Augusto Cury;AVANTE;3241;2,64
Palhoça;5;Ronaldo Caiado;PSD;1861;1,52
Palhoça;6;Zema;NOVO;645;0,53
Palhoça;7;Samara;UP;382;0,31
Palma Sola;1;Flávio Bolsonaro;PL;1509;69,64
Palma Sola;2;Lula;PT;459;21,18
Palma Sola;3;Escritor Augusto Cury;AVANTE;68;3,14
Palma Sola;4;Renan Santos;MISSÃO;63;2,91
Palma Sola;5;Ronaldo Caiado;PSD;47;2,17
Palma Sola;6;Zema;NOVO;12;0,55
Palma Sola;7;Samara;UP;9;0,42
Palmeira;1;Flávio Bolsonaro;PL;9995;69,06
Palmeira;2;Lula;PT;3133;21,65
Palmeira;3;Escritor Augusto Cury;AVANTE;433;2,99
Palmeira;4;Renan Santos;MISSÃO;426;2,94
Palmeira;5;Ronaldo Caiado;PSD;300;2,07
Palmeira;6;Zema;NOVO;118;0,82
Palmeira;7;Samara;UP;68;0,47
Palmitos;1;Flávio Bolsonaro;PL;2480;65,38
Palmitos;2;Lula;PT;963;25,39
Palmitos;3;Escritor Augusto Cury;AVANTE;125;3,30
Palmitos;4;Renan Santos;MISSÃO;103;2,72
Palmitos;5;Ronaldo Caiado;PSD;89;2,35
Palmitos;6;Zema;NOVO;17;0,45
Palmitos;7;Samara;UP;16;0,42
Papanduva;1;Flávio Bolsonaro;PL;2725;67,25
Papanduva;2;Lula;PT;1016;25,07
Papanduva;3;Escritor Augusto Cury;AVANTE;106;2,62
Papanduva;4;Renan Santos;MISSÃO;95;2,34
Papanduva;5;Ronaldo Caiado;PSD;64;1,58
Papanduva;6;Zema;NOVO;29;0,72
Papanduva;7;Samara;UP;17;0,42
Paraíso;1;Flávio Bolsonaro;PL;11074;64,12
Paraíso;2;Lula;PT;4296;24,88
Paraíso;3;Escritor Augusto Cury;AVANTE;656;3,80
Paraíso;4;Ronaldo Caiado;PSD;540;3,13
Paraíso;5;Renan Santos;MISSÃO;505;2,92
Paraíso;6;Zema;NOVO;107;0,62
Paraíso;7;Samara;UP;92;0,53
Passo de Torres;1;Flávio Bolsonaro;PL;1412;69,59
Passo de Torres;2;Lula;PT;433;21,34
Passo de Torres;3;Renan Santos;MISSÃO;72;3,55
Passo de Torres;4;Escritor Augusto Cury;AVANTE;55;2,71
Passo de Torres;5;Ronaldo Caiado;PSD;35;1,72
Passo de Torres;6;Zema;NOVO;14;0,69
Passo de Torres;7;Samara;UP;8;0,39
Passos Maia;1;Flávio Bolsonaro;PL;10233;60,13
Passos Maia;2;Lula;PT;5402;31,74
Passos Maia;3;Renan Santos;MISSÃO;429;2,52
Passos Maia;4;Escritor Augusto Cury;AVANTE;416;2,44
Passos Maia;5;Ronaldo Caiado;PSD;364;2,14
Passos Maia;6;Zema;NOVO;93;0,55
Passos Maia;7;Samara;UP;80;0,47
Paulo Lopes;1;Lula;PT;1931;64,39
Paulo Lopes;2;Flávio Bolsonaro;PL;744;24,81
Paulo Lopes;3;Renan Santos;MISSÃO;115;3,83
Paulo Lopes;4;Escritor Augusto Cury;AVANTE;112;3,73
Paulo Lopes;5;Ronaldo Caiado;PSD;66;2,20
Paulo Lopes;6;Zema;NOVO;20;0,67
Paulo Lopes;7;Samara;UP;11;0,37
Pedras Grandes;1;Flávio Bolsonaro;PL;2748;64,90
Pedras Grandes;2;Lula;PT;1026;24,23
Pedras Grandes;3;Escritor Augusto Cury;AVANTE;187;4,42
Pedras Grandes;4;Renan Santos;MISSÃO;114;2,69
Pedras Grandes;5;Ronaldo Caiado;PSD;109;2,57
Pedras Grandes;6;Zema;NOVO;34;0,80
Pedras Grandes;7;Samara;UP;16;0,38
Penha;1;Flávio Bolsonaro;PL;4039;66,68
Penha;2;Lula;PT;1388;22,92
Penha;3;Escritor Augusto Cury;AVANTE;226;3,73
Penha;4;Renan Santos;MISSÃO;215;3,55
Penha;5;Ronaldo Caiado;PSD;113;1,87
Penha;6;Zema;NOVO;46;0,76
Penha;7;Samara;UP;30;0,50
Peritiba;1;Flávio Bolsonaro;PL;7825;67,33
Peritiba;2;Lula;PT;2773;23,86
Peritiba;3;Renan Santos;MISSÃO;355;3,05
Peritiba;4;Escritor Augusto Cury;AVANTE;338;2,91
Peritiba;5;Ronaldo Caiado;PSD;218;1,88
Peritiba;6;Zema;NOVO;62;0,53
Peritiba;7;Samara;UP;50;0,43
Pescaria Brava;1;Flávio Bolsonaro;PL;1340;63,15
Pescaria Brava;2;Lula;PT;544;25,64
Pescaria Brava;3;Renan Santos;MISSÃO;90;4,24
Pescaria Brava;4;Escritor Augusto Cury;AVANTE;76;3,58
Pescaria Brava;5;Ronaldo Caiado;PSD;43;2,03
Pescaria Brava;6;Zema;NOVO;18;0,85
Pescaria Brava;7;Samara;UP;11;0,52
Petrolândia;1;Flávio Bolsonaro;PL;8445;69,14
Petrolândia;2;Lula;PT;2682;21,96
Petrolândia;3;Renan Santos;MISSÃO;376;3,08
Petrolândia;4;Escritor Augusto Cury;AVANTE;364;2,98
Petrolândia;5;Ronaldo Caiado;PSD;239;1,96
Petrolândia;6;Zema;NOVO;61;0,50
Petrolândia;7;Samara;UP;47;0,38
Pinhalzinho;1;Flávio Bolsonaro;PL;10361;62,08
Pinhalzinho;2;Lula;PT;4861;29,12
Pinhalzinho;3;Escritor Augusto Cury;AVANTE;511;3,06
Pinhalzinho;4;Renan Santos;MISSÃO;456;2,73
Pinhalzinho;5;Ronaldo Caiado;PSD;299;1,79
Pinhalzinho;6;Zema;NOVO;119;0,71
Pinhalzinho;7;Samara;UP;84;0,50
Pinheiro Preto;1;Flávio Bolsonaro;PL;2890;62,77
Pinheiro Preto;2;Lula;PT;1238;26,89
Pinheiro Preto;3;Escritor Augusto Cury;AVANTE;155;3,37
Pinheiro Preto;4;Renan Santos;MISSÃO;137;2,98
Pinheiro Preto;5;Ronaldo Caiado;PSD;129;2,80
Pinheiro Preto;6;Zema;NOVO;38;0,83
Pinheiro Preto;7;Samara;UP;17;0,37
Piratuba;1;Flávio Bolsonaro;PL;15847;70,99
Piratuba;2;Lula;PT;4798;21,49
Piratuba;3;Renan Santos;MISSÃO;600;2,69
Piratuba;4;Escritor Augusto Cury;AVANTE;514;2,30
Piratuba;5;Ronaldo Caiado;PSD;339;1,52
Piratuba;6;Zema;NOVO;149;0,67
Piratuba;7;Samara;UP;77;0,34
Planalto Alegre;1;Flávio Bolsonaro;PL;5265;66,84
Planalto Alegre;2;Lula;PT;1949;24,74
Planalto Alegre;3;Escritor Augusto Cury;AVANTE;272;3,45
Planalto Alegre;4;Renan Santos;MISSÃO;175;2,22
Planalto Alegre;5;Ronaldo Caiado;PSD;159;2,02
Planalto Alegre;6;Zema;NOVO;35;0,44
Planalto Alegre;7;Samara;UP;22;0,28
Pomerode;1;Flávio Bolsonaro;PL;8807;56,33
Pomerode;2;Lula;PT;5147;32,92
Pomerode;3;Escritor Augusto Cury;AVANTE;612;3,91
Pomerode;4;Renan Santos;MISSÃO;591;3,78
Pomerode;5;Ronaldo Caiado;PSD;310;1,98
Pomerode;6;Zema;NOVO;115;0,74
Pomerode;7;Samara;UP;54;0,35
Ponte Alta;1;Flávio Bolsonaro;PL;935;61,15
Ponte Alta;2;Lula;PT;458;29,95
Ponte Alta;3;Escritor Augusto Cury;AVANTE;49;3,20
Ponte Alta;4;Renan Santos;MISSÃO;43;2,81
Ponte Alta;5;Ronaldo Caiado;PSD;27;1,77
Ponte Alta;6;Zema;NOVO;11;0,72
Ponte Alta;7;Samara;UP;6;0,39
Ponte Alta do Norte;1;Flávio Bolsonaro;PL;1081;66,81
Ponte Alta do Norte;2;Lula;PT;404;24,97
Ponte Alta do Norte;3;Escritor Augusto Cury;AVANTE;45;2,78
Ponte Alta do Norte;4;Renan Santos;MISSÃO;43;2,66
Ponte Alta do Norte;5;Ronaldo Caiado;PSD;30;1,85
Ponte Alta do Norte;6;Zema;NOVO;8;0,49
Ponte Alta do Norte;7;Samara;UP;7;0,43
Ponte Serrada;1;Lula;PT;2465;55,56
Ponte Serrada;2;Flávio Bolsonaro;PL;1535;34,60
Ponte Serrada;3;Renan Santos;MISSÃO;162;3,65
Ponte Serrada;4;Escritor Augusto Cury;AVANTE;119;2,68
Ponte Serrada;5;Ronaldo Caiado;PSD;98;2,21
Ponte Serrada;6;Zema;NOVO;35;0,79
Ponte Serrada;7;Samara;UP;23;0,52
Porto Belo;1;Flávio Bolsonaro;PL;1932;65,83
Porto Belo;2;Lula;PT;761;25,93
Porto Belo;3;Escritor Augusto Cury;AVANTE;90;3,07
Porto Belo;4;Renan Santos;MISSÃO;69;2,35
Porto Belo;5;Ronaldo Caiado;PSD;62;2,11
Porto Belo;6;Zema;NOVO;12;0,41
Porto Belo;7;Samara;UP;9;0,31
Porto União;1;Flávio Bolsonaro;PL;2305;59,01
Porto União;2;Lula;PT;1241;31,77
Porto União;3;Renan Santos;MISSÃO;122;3,12
Porto União;4;Escritor Augusto Cury;AVANTE;114;2,92
Porto União;5;Ronaldo Caiado;PSD;81;2,07
Porto União;6;Zema;NOVO;29;0,74
Porto União;7;Samara;UP;14;0,36
Pouso Redondo;1;Flávio Bolsonaro;PL;3084;72,16
Pouso Redondo;2;Lula;PT;812;19,00
Pouso Redondo;3;Escritor Augusto Cury;AVANTE;132;3,09
Pouso Redondo;4;Renan Santos;MISSÃO;119;2,78
Pouso Redondo;5;Ronaldo Caiado;PSD;92;2,15
Pouso Redondo;6;Zema;NOVO;21;0,49
Pouso Redondo;7;Samara;UP;14;0,33
Praia Grande;1;Flávio Bolsonaro;PL;2853;67,61
Praia Grande;2;Lula;PT;978;23,18
Praia Grande;3;Renan Santos;MISSÃO;160;3,79
Praia Grande;4;Escritor Augusto Cury;AVANTE;118;2,80
Praia Grande;5;Ronaldo Caiado;PSD;71;1,68
Praia Grande;6;Zema;NOVO;20;0,47
Praia Grande;7;Samara;UP;20;0,47
Presidente Castelo Branco;1;Flávio Bolsonaro;PL;7366;57,66
Presidente Castelo Branco;2;Lula;PT;4109;32,17
Presidente Castelo Branco;3;Renan Santos;MISSÃO;531;4,16
Presidente Castelo Branco;4;Escritor Augusto Cury;AVANTE;381;2,98
Presidente Castelo Branco;5;Ronaldo Caiado;PSD;260;2,04
Presidente Castelo Branco;6;Zema;NOVO;77;0,60
Presidente Castelo Branco;7;Samara;UP;50;0,39
Presidente Getúlio;1;Flávio Bolsonaro;PL;13487;72,28
Presidente Getúlio;2;Lula;PT;3695;19,80
Presidente Getúlio;3;Escritor Augusto Cury;AVANTE;575;3,08
Presidente Getúlio;4;Renan Santos;MISSÃO;465;2,49
Presidente Getúlio;5;Ronaldo Caiado;PSD;300;1,61
Presidente Getúlio;6;Zema;NOVO;85;0,46
Presidente Getúlio;7;Samara;UP;53;0,28
Presidente Nereu;1;Flávio Bolsonaro;PL;1281;69,17
Presidente Nereu;2;Lula;PT;428;23,11
Presidente Nereu;3;Renan Santos;MISSÃO;43;2,32
Presidente Nereu;4;Escritor Augusto Cury;AVANTE;41;2,21
Presidente Nereu;5;Ronaldo Caiado;PSD;41;2,21
Presidente Nereu;6;Zema;NOVO;11;0,59
Presidente Nereu;7;Samara;UP;7;0,38
Princesa;1;Flávio Bolsonaro;PL;20426;71,72
Princesa;2;Lula;PT;5854;20,55
Princesa;3;Renan Santos;MISSÃO;758;2,66
Princesa;4;Escritor Augusto Cury;AVANTE;733;2,57
Princesa;5;Ronaldo Caiado;PSD;432;1,52
Princesa;6;Zema;NOVO;150;0,53
Princesa;7;Samara;UP;128;0,45
Quilombo;1;Flávio Bolsonaro;PL;2080;70,01
Quilombo;2;Lula;PT;663;22,32
Quilombo;3;Escritor Augusto Cury;AVANTE;78;2,63
Quilombo;4;Renan Santos;MISSÃO;76;2,56
Quilombo;5;Ronaldo Caiado;PSD;51;1,72
Quilombo;6;Zema;NOVO;13;0,44
Quilombo;7;Samara;UP;10;0,34
Rancho Queimado;1;Flávio Bolsonaro;PL;3926;69,28
Rancho Queimado;2;Lula;PT;1281;22,60
Rancho Queimado;3;Escritor Augusto Cury;AVANTE;167;2,95
Rancho Queimado;4;Renan Santos;MISSÃO;150;2,65
Rancho Queimado;5;Ronaldo Caiado;PSD;90;1,59
Rancho Queimado;6;Zema;NOVO;32;0,56
Rancho Queimado;7;Samara;UP;21;0,37
Rio das Antas;1;Flávio Bolsonaro;PL;7423;70,27
Rio das Antas;2;Lula;PT;2283;21,61
Rio das Antas;3;Renan Santos;MISSÃO;321;3,04
Rio das Antas;4;Escritor Augusto Cury;AVANTE;226;2,14
Rio das Antas;5;Ronaldo Caiado;PSD;222;2,10
Rio das Antas;6;Zema;NOVO;51;0,48
Rio das Antas;7;Samara;UP;37;0,35
Rio do Campo;1;Flávio Bolsonaro;PL;13523;66,79
Rio do Campo;2;Lula;PT;4683;23,13
Rio do Campo;3;Renan Santos;MISSÃO;743;3,67
Rio do Campo;4;Escritor Augusto Cury;AVANTE;615;3,04
Rio do Campo;5;Ronaldo Caiado;PSD;492;2,43
Rio do Campo;6;Zema;NOVO;103;0,51
Rio do Campo;7;Samara;UP;87;0,43
Rio do Oeste;1;Flávio Bolsonaro;PL;1950;67,78
Rio do Oeste;2;Lula;PT;698;24,26
Rio do Oeste;3;Renan Santos;MISSÃO;78;2,71
Rio do Oeste;4;Escritor Augusto Cury;AVANTE;63;2,19
Rio do Oeste;5;Ronaldo Caiado;PSD;62;2,16
Rio do Oeste;6;Zema;NOVO;16;0,56
Rio do Oeste;7;Samara;UP;10;0,35
Rio do Sul;1;Flávio Bolsonaro;PL;43056;66,59
Rio do Sul;2;Lula;PT;14765;22,83
Rio do Sul;3;Renan Santos;MISSÃO;2467;3,82
Rio do Sul;4;Escritor Augusto Cury;AVANTE;2100;3,25
Rio do Sul;5;Ronaldo Caiado;PSD;1478;2,29
Rio do Sul;6;Zema;NOVO;565;0,87
Rio do Sul;7;Samara;UP;229;0,35
Rio dos Cedros;1;Flávio Bolsonaro;PL;4121;64,35
Rio dos Cedros;2;Lula;PT;1662;25,95
Rio dos Cedros;3;Renan Santos;MISSÃO;216;3,37
Rio dos Cedros;4;Escritor Augusto Cury;AVANTE;198;3,09
Rio dos Cedros;5;Ronaldo Caiado;PSD;130;2,03
Rio dos Cedros;6;Zema;NOVO;52;0,81
Rio dos Cedros;7;Samara;UP;25;0,39
Rio Fortuna;1;Flávio Bolsonaro;PL;5894;60,56
Rio Fortuna;2;Lula;PT;2937;30,18
Rio Fortuna;3;Escritor Augusto Cury;AVANTE;323;3,32
Rio Fortuna;4;Renan Santos;MISSÃO;273;2,80
Rio Fortuna;5;Ronaldo Caiado;PSD;229;2,35
Rio Fortuna;6;Zema;NOVO;43;0,44
Rio Fortuna;7;Samara;UP;34;0,35
Rio Negrinho;1;Flávio Bolsonaro;PL;10266;60,62
Rio Negrinho;2;Lula;PT;5050;29,82
Rio Negrinho;3;Renan Santos;MISSÃO;518;3,06
Rio Negrinho;4;Escritor Augusto Cury;AVANTE;512;3,02
Rio Negrinho;5;Ronaldo Caiado;PSD;417;2,46
Rio Negrinho;6;Zema;NOVO;99;0,58
Rio Negrinho;7;Samara;UP;74;0,44
Rio Rufino;1;Flávio Bolsonaro;PL;17843;64,19
Rio Rufino;2;Lula;PT;6900;24,82
Rio Rufino;3;Escritor Augusto Cury;AVANTE;1183;4,26
Rio Rufino;4;Renan Santos;MISSÃO;981;3,53
Rio Rufino;5;Ronaldo Caiado;PSD;554;1,99
Rio Rufino;6;Zema;NOVO;218;0,78
Rio Rufino;7;Samara;UP;120;0,43
Riqueza;1;Flávio Bolsonaro;PL;14236;63,09
Riqueza;2;Lula;PT;5796;25,69
Riqueza;3;Escritor Augusto Cury;AVANTE;976;4,33
Riqueza;4;Renan Santos;MISSÃO;826;3,66
Riqueza;5;Ronaldo Caiado;PSD;482;2,14
Riqueza;6;Zema;NOVO;148;0,66
Riqueza;7;Samara;UP;100;0,44
Rodeio;1;Flávio Bolsonaro;PL;1407;71,57
Rodeio;2;Lula;PT;387;19,68
Rodeio;3;Renan Santos;MISSÃO;67;3,41
Rodeio;4;Escritor Augusto Cury;AVANTE;58;2,95
Rodeio;5;Ronaldo Caiado;PSD;31;1,58
Rodeio;6;Zema;NOVO;8;0,41
Rodeio;7;Samara;UP;8;0,41
Romelândia;1;Flávio Bolsonaro;PL;2909;59,25
Romelândia;2;Lula;PT;1488;30,31
Romelândia;3;Escritor Augusto Cury;AVANTE;206;4,20
Romelândia;4;Renan Santos;MISSÃO;137;2,79
Romelândia;5;Ronaldo Caiado;PSD;118;2,40
Romelândia;6;Zema;NOVO;31;0,63
Romelândia;7;Samara;UP;21;0,43
Salete;1;Flávio Bolsonaro;PL;13423;65,45
Salete;2;Lula;PT;5112;24,92
Salete;3;Escritor Augusto Cury;AVANTE;748;3,65
Salete;4;Renan Santos;MISSÃO;649;3,16
Salete;5;Ronaldo Caiado;PSD;372;1,81
Salete;6;Zema;NOVO;130;0,63
Salete;7;Samara;UP;76;0,37
Saltinho;1;Flávio Bolsonaro;PL;10763;66,47
Saltinho;2;Lula;PT;3985;24,61
Saltinho;3;Escritor Augusto Cury;AVANTE;565;3,49
Saltinho;4;Renan Santos;MISSÃO;421;2,60
Saltinho;5;Ronaldo Caiado;PSD;283;1,75
Saltinho;6;Zema;NOVO;113;0,70
Saltinho;7;Samara;UP;63;0,39
Salto Veloso;1;Flávio Bolsonaro;PL;1766;60,96
Salto Veloso;2;Lula;PT;833;28,75
Salto Veloso;3;Renan Santos;MISSÃO;109;3,76
Salto Veloso;4;Escritor Augusto Cury;AVANTE;103;3,56
Salto Veloso;5;Ronaldo Caiado;PSD;52;1,79
Salto Veloso;6;Zema;NOVO;23;0,79
Salto Veloso;7;Samara;UP;11;0,38
Sangão;1;Flávio Bolsonaro;PL;11925;68,28
Sangão;2;Lula;PT;4163;23,84
Sangão;3;Renan Santos;MISSÃO;516;2,95
Sangão;4;Escritor Augusto Cury;AVANTE;459;2,63
Sangão;5;Ronaldo Caiado;PSD;237;1,36
Sangão;6;Zema;NOVO;105;0,60
Sangão;7;Samara;UP;60;0,34
Santa Cecília;1;Flávio Bolsonaro;PL;7369;66,62
Santa Cecília;2;Lula;PT;2879;26,03
Santa Cecília;3;Renan Santos;MISSÃO;271;2,45
Santa Cecília;4;Escritor Augusto Cury;AVANTE;263;2,38
Santa Cecília;5;Ronaldo Caiado;PSD;209;1,89
Santa Cecília;6;Zema;NOVO;42;0,38
Santa Cecília;7;Samara;UP;28;0,25
Santa Helena;1;Flávio Bolsonaro;PL;4136;60,93
Santa Helena;2;Lula;PT;1911;28,15
Santa Helena;3;Renan Santos;MISSÃO;259;3,82
Santa Helena;4;Escritor Augusto Cury;AVANTE;236;3,48
Santa Helena;5;Ronaldo Caiado;PSD;169;2,49
Santa Helena;6;Zema;NOVO;47;0,69
Santa Helena;7;Samara;UP;30;0,44
Santa Rosa de Lima;1;Flávio Bolsonaro;PL;1398;61,15
Santa Rosa de Lima;2;Lula;PT;651;28,48
Santa Rosa de Lima;3;Renan Santos;MISSÃO;79;3,46
Santa Rosa de Lima;4;Escritor Augusto Cury;AVANTE;70;3,06
Santa Rosa de Lima;5;Ronaldo Caiado;PSD;60;2,62
Santa Rosa de Lima;6;Zema;NOVO;16;0,70
Santa Rosa de Lima;7;Samara;UP;12;0,52
Santa Rosa do Sul;1;Flávio Bolsonaro;PL;3074;72,90
Santa Rosa do Sul;2;Lula;PT;770;18,26
Santa Rosa do Sul;3;Escritor Augusto Cury;AVANTE;140;3,32
Santa Rosa do Sul;4;Renan Santos;MISSÃO;100;2,37
Santa Rosa do Sul;5;Ronaldo Caiado;PSD;93;2,21
Santa Rosa do Sul;6;Zema;NOVO;23;0,55
Santa Rosa do Sul;7;Samara;UP;17;0,40
Santa Terezinha;1;Flávio Bolsonaro;PL;955;60,10
Santa Terezinha;2;Lula;PT;471;29,64
Santa Terezinha;3;Escritor Augusto Cury;AVANTE;60;3,78
Santa Terezinha;4;Renan Santos;MISSÃO;54;3,40
Santa Terezinha;5;Ronaldo Caiado;PSD;34;2,14
Santa Terezinha;6;Zema;NOVO;8;0,50
Santa Terezinha;7;Samara;UP;7;0,44
Santa Terezinha do Progresso;1;Flávio Bolsonaro;PL;3120;66,52
Santa Terezinha do Progresso;2;Lula;PT;1235;26,33
Santa Terezinha do Progresso;3;Escritor Augusto Cury;AVANTE;126;2,69
Santa Terezinha do Progresso;4;Renan Santos;MISSÃO;100;2,13
Santa Terezinha do Progresso;5;Ronaldo Caiado;PSD;69;1,47
Santa Terezinha do Progresso;6;Zema;NOVO;21;0,45
Santa Terezinha do Progresso;7;Samara;UP;19;0,41
Santiago do Sul;1;Flávio Bolsonaro;PL;8224;64,75
Santiago do Sul;2;Lula;PT;3400;26,77
Santiago do Sul;3;Escritor Augusto Cury;AVANTE;376;2,96
Santiago do Sul;4;Renan Santos;MISSÃO;357;2,81
Santiago do Sul;5;Ronaldo Caiado;PSD;230;1,81
Santiago do Sul;6;Zema;NOVO;61;0,48
Santiago do Sul;7;Samara;UP;53;0,42
Santo Amaro da Imperatriz;1;Flávio Bolsonaro;PL;3733;63,23
Santo Amaro da Imperatriz;2;Lula;PT;1654;28,01
Santo Amaro da Imperatriz;3;Escritor Augusto Cury;AVANTE;194;3,29
Santo Amaro da Imperatriz;4;Renan Santos;MISSÃO;160;2,71
Santo Amaro da Imperatriz;5;Ronaldo Caiado;PSD;113;1,91
Santo Amaro da Imperatriz;6;Zema;NOVO;26;0,44
Santo Amaro da Imperatriz;7;Samara;UP;24;0,41
São Bento do Sul;1;Flávio Bolsonaro;PL;5582;73,24
São Bento do Sul;2;Lula;PT;1352;17,74
São Bento do Sul;3;Escritor Augusto Cury;AVANTE;232;3,04
São Bento do Sul;4;Renan Santos;MISSÃO;208;2,73
São Bento do Sul;5;Ronaldo Caiado;PSD;171;2,24
São Bento do Sul;6;Zema;NOVO;49;0,64
São Bento do Sul;7;Samara;UP;27;0,35
São Bernardino;1;Lula;PT;3472;70,58
São Bernardino;2;Flávio Bolsonaro;PL;968;19,68
São Bernardino;3;Escritor Augusto Cury;AVANTE;186;3,78
São Bernardino;4;Renan Santos;MISSÃO;131;2,66
São Bernardino;5;Ronaldo Caiado;PSD;111;2,26
São Bernardino;6;Zema;NOVO;36;0,73
São Bernardino;7;Samara;UP;15;0,30
São Bonifácio;1;Flávio Bolsonaro;PL;2738;58,79
São Bonifácio;2;Lula;PT;1524;32,72
São Bonifácio;3;Escritor Augusto Cury;AVANTE;133;2,86
São Bonifácio;4;Renan Santos;MISSÃO;127;2,73
São Bonifácio;5;Ronaldo Caiado;PSD;82;1,76
São Bonifácio;6;Zema;NOVO;34;0,73
São Bonifácio;7;Samara;UP;19;0,41
São Carlos;1;Flávio Bolsonaro;PL;5211;65,51
São Carlos;2;Lula;PT;2083;26,19
São Carlos;3;Escritor Augusto Cury;AVANTE;243;3,06
São Carlos;4;Renan Santos;MISSÃO;189;2,38
São Carlos;5;Ronaldo Caiado;PSD;163;2,05
São Carlos;6;Zema;NOVO;34;0,43
São Carlos;7;Samara;UP;31;0,39
São Cristovão do Sul;1;Flávio Bolsonaro;PL;2834;68,80
São Cristovão do Sul;2;Lula;PT;905;21,97
São Cristovão do Sul;3;Escritor Augusto Cury;AVANTE;119;2,89
São Cristovão do Sul;4;Renan Santos;MISSÃO;109;2,65
São Cristovão do Sul;5;Ronaldo Caiado;PSD;103;2,50
São Cristovão do Sul;6;Zema;NOVO;33;0,80
São Cristovão do Sul;7;Samara;UP;16;0,39
São Domingos;1;Flávio Bolsonaro;PL;1264;67,38
São Domingos;2;Lula;PT;454;24,20
São Domingos;3;Escritor Augusto Cury;AVANTE;55;2,93
São Domingos;4;Renan Santos;MISSÃO;52;2,77
São Domingos;5;Ronaldo Caiado;PSD;35;1,87
São Domingos;6;Zema;NOVO;10;0,53
São Domingos;7;Samara;UP;6;0,32
São Francisco do Sul;1;Flávio Bolsonaro;PL;10106;61,72
São Francisco do Sul;2;Lula;PT;4864;29,71
São Francisco do Sul;3;Renan Santos;MISSÃO;476;2,91
São Francisco do Sul;4;Escritor Augusto Cury;AVANTE;471;2,88
São Francisco do Sul;5;Ronaldo Caiado;PSD;277;1,69
São Francisco do Sul;6;Zema;NOVO;128;0,78
São Francisco do Sul;7;Samara;UP;52;0,32
São João Batista;1;Flávio Bolsonaro;PL;9607;65,96
São João Batista;2;Lula;PT;3769;25,88
São João Batista;3;Renan Santos;MISSÃO;455;3,12
São João Batista;4;Escritor Augusto Cury;AVANTE;354;2,43
São João Batista;5;Ronaldo Caiado;PSD;244;1,68
São João Batista;6;Zema;NOVO;92;0,63
São João Batista;7;Samara;UP;44;0,30
São João do Itaperiú;1;Flávio Bolsonaro;PL;10419;70,13
São João do Itaperiú;2;Lula;PT;3230;21,74
São João do Itaperiú;3;Renan Santos;MISSÃO;480;3,23
São João do Itaperiú;4;Escritor Augusto Cury;AVANTE;351;2,36
São João do Itaperiú;5;Ronaldo Caiado;PSD;243;1,64
São João do Itaperiú;6;Zema;NOVO;91;0,61
São João do Itaperiú;7;Samara;UP;43;0,29
São João do Oeste;1;Flávio Bolsonaro;PL;2063;68,58
São João do Oeste;2;Lula;PT;743;24,70
São João do Oeste;3;Escritor Augusto Cury;AVANTE;71;2,36
São João do Oeste;4;Renan Santos;MISSÃO;68;2,26
São João do Oeste;5;Ronaldo Caiado;PSD;40;1,33
São João do Oeste;6;Zema;NOVO;13;0,43
São João do Oeste;7;Samara;UP;10;0,33
São João do Sul;1;Flávio Bolsonaro;PL;1947;66,91
São João do Sul;2;Lula;PT;691;23,75
São João do Sul;3;Escritor Augusto Cury;AVANTE;96;3,30
São João do Sul;4;Renan Santos;MISSÃO;82;2,82
São João do Sul;5;Ronaldo Caiado;PSD;66;2,27
São João do Sul;6;Zema;NOVO;14;0,48
São João do Sul;7;Samara;UP;14;0,48
São Joaquim;1;Flávio Bolsonaro;PL;1881;74,41
São Joaquim;2;Lula;PT;441;17,44
São Joaquim;3;Renan Santos;MISSÃO;74;2,93
São Joaquim;4;Escritor Augusto Cury;AVANTE;67;2,65
São Joaquim;5;Ronaldo Caiado;PSD;44;1,74
São Joaquim;6;Zema;NOVO;13;0,51
São Joaquim;7;Samara;UP;8;0,32
São José;1;Flávio Bolsonaro;PL;113830;71,46
São José;2;Lula;PT;32509;20,41
São José;3;Escritor Augusto Cury;AVANTE;5071;3,18
São José;4;Renan Santos;MISSÃO;3904;2,45
São José;5;Ronaldo Caiado;PSD;2328;1,46
São José;6;Zema;NOVO;1101;0,69
São José;7;Samara;UP;554;0,35
São José do Cedro;1;Flávio Bolsonaro;PL;2984;59,80
São José do Cedro;2;Lula;PT;1484;29,74
São José do Cedro;3;Escritor Augusto Cury;AVANTE;175;3,51
São José do Cedro;4;Renan Santos;MISSÃO;175;3,51
São José do Cedro;5;Ronaldo Caiado;PSD;124;2,48
São José do Cedro;6;Zema;NOVO;32;0,64
São José do Cedro;7;Samara;UP;16;0,32
São José do Cerrito;1;Flávio Bolsonaro;PL;2046;66,13
São José do Cerrito;2;Lula;PT;707;22,85
São José do Cerrito;3;Escritor Augusto Cury;AVANTE;133;4,30
São José do Cerrito;4;Renan Santos;MISSÃO;100;3,23
São José do Cerrito;5;Ronaldo Caiado;PSD;76;2,46
São José do Cerrito;6;Zema;NOVO;19;0,61
São José do Cerrito;7;Samara;UP;13;0,42
São Lourenço do Oeste;1;Flávio Bolsonaro;PL;5730;66,98
São Lourenço do Oeste;2;Lula;PT;1919;22,43
São Lourenço do Oeste;3;Renan Santos;MISSÃO;322;3,76
São Lourenço do Oeste;4;Escritor Augusto Cury;AVANTE;312;3,65
São Lourenço do Oeste;5;Ronaldo Caiado;PSD;178;2,08
São Lourenço do Oeste;6;Zema;NOVO;50;0,58
São Lourenço do Oeste;7;Samara;UP;44;0,51
São Ludgero;1;Flávio Bolsonaro;PL;2119;56,01
São Ludgero;2;Lula;PT;1259;33,28
São Ludgero;3;Renan Santos;MISSÃO;155;4,10
São Ludgero;4;Escritor Augusto Cury;AVANTE;105;2,78
São Ludgero;5;Ronaldo Caiado;PSD;105;2,78
São Ludgero;6;Zema;NOVO;21;0,56
São Ludgero;7;Samara;UP;19;0,50
São Martinho;1;Flávio Bolsonaro;PL;1694;65,00
São Martinho;2;Lula;PT;656;25,17
São Martinho;3;Renan Santos;MISSÃO;94;3,61
São Martinho;4;Escritor Augusto Cury;AVANTE;84;3,22
São Martinho;5;Ronaldo Caiado;PSD;49;1,88
São Martinho;6;Zema;NOVO;17;0,65
São Martinho;7;Samara;UP;12;0,46
São Miguel da Boa Vista;1;Flávio Bolsonaro;PL;4919;66,23
São Miguel da Boa Vista;2;Lula;PT;1912;25,74
São Miguel da Boa Vista;3;Escritor Augusto Cury;AVANTE;193;2,60
São Miguel da Boa Vista;4;Renan Santos;MISSÃO;186;2,50
São Miguel da Boa Vista;5;Ronaldo Caiado;PSD;156;2,10
São Miguel da Boa Vista;6;Samara;UP;31;0,42
São Miguel da Boa Vista;7;Zema;NOVO;30;0,40
São Miguel do Oeste;1;Flávio Bolsonaro;PL;3997;63,10
São Miguel do Oeste;2;Lula;PT;1748;27,60
São Miguel do Oeste;3;Escritor Augusto Cury;AVANTE;203;3,20
São Miguel do Oeste;4;Renan Santos;MISSÃO;182;2,87
São Miguel do Oeste;5;Ronaldo Caiado;PSD;137;2,16
São Miguel do Oeste;6;Zema;NOVO;39;0,62
São Miguel do Oeste;7;Samara;UP;28;0,44
São Pedro de Alcântara;1;Flávio Bolsonaro;PL;6744;69,85
São Pedro de Alcântara;2;Lula;PT;2064;21,38
São Pedro de Alcântara;3;Renan Santos;MISSÃO;260;2,69
São Pedro de Alcântara;4;Escritor Augusto Cury;AVANTE;255;2,64
São Pedro de Alcântara;5;Ronaldo Caiado;PSD;232;2,40
São Pedro de Alcântara;6;Zema;NOVO;56;0,58
São Pedro de Alcântara;7;Samara;UP;44;0,46
Saudades;1;Flávio Bolsonaro;PL;10027;67,14
Saudades;2;Lula;PT;3515;23,54
Saudades;3;Escritor Augusto Cury;AVANTE;587;3,93
Saudades;4;Renan Santos;MISSÃO;403;2,70
Saudades;5;Ronaldo Caiado;PSD;264;1,77
Saudades;6;Zema;NOVO;85;0,57
Saudades;7;Samara;UP;54;0,36
Schroeder;1;Flávio Bolsonaro;PL;1001;62,33
Schroeder;2;Lula;PT;472;29,39
Schroeder;3;Renan Santos;MISSÃO;45;2,80
Schroeder;4;Escritor Augusto Cury;AVANTE;42;2,62
Schroeder;5;Ronaldo Caiado;PSD;32;1,99
Schroeder;6;Zema;NOVO;7;0,44
Schroeder;7;Samara;UP;7;0,44
Seara;1;Flávio Bolsonaro;PL;1059;69,17
Seara;2;Lula;PT;328;21,42
Seara;3;Escritor Augusto Cury;AVANTE;49;3,20
Seara;4;Renan Santos;MISSÃO;49;3,20
Seara;5;Ronaldo Caiado;PSD;32;2,09
Seara;6;Zema;NOVO;9;0,59
Seara;7;Samara;UP;5;0,33
Serra Alta;1;Flávio Bolsonaro;PL;2778;66,30
Serra Alta;2;Lula;PT;1059;25,27
Serra Alta;3;Renan Santos;MISSÃO;130;3,10
Serra Alta;4;Escritor Augusto Cury;AVANTE;128;3,05
Serra Alta;5;Ronaldo Caiado;PSD;63;1,50
Serra Alta;6;Zema;NOVO;20;0,48
Serra Alta;7;Samara;UP;12;0,29
Siderópolis;1;Flávio Bolsonaro;PL;6430;69,47
Siderópolis;2;Lula;PT;2091;22,59
Siderópolis;3;Escritor Augusto Cury;AVANTE;251;2,71
Siderópolis;4;Renan Santos;MISSÃO;203;2,19
Siderópolis;5;Ronaldo Caiado;PSD;191;2,06
Siderópolis;6;Zema;NOVO;54;0,58
Siderópolis;7;Samara;UP;36;0,39
Sombrio;1;Flávio Bolsonaro;PL;18638;62,41
Sombrio;2;Lula;PT;7534;25,23
Sombrio;3;Escritor Augusto Cury;AVANTE;1261;4,22
Sombrio;4;Renan Santos;MISSÃO;1185;3,97
Sombrio;5;Ronaldo Caiado;PSD;850;2,85
Sombrio;6;Zema;NOVO;244;0,82
Sombrio;7;Samara;UP;150;0,50
Sul Brasil;1;Flávio Bolsonaro;PL;21665;66,37
Sul Brasil;2;Lula;PT;8038;24,62
Sul Brasil;3;Renan Santos;MISSÃO;1031;3,16
Sul Brasil;4;Escritor Augusto Cury;AVANTE;943;2,89
Sul Brasil;5;Ronaldo Caiado;PSD;574;1,76
Sul Brasil;6;Zema;NOVO;234;0,72
Sul Brasil;7;Samara;UP;159;0,49
Taió;1;Flávio Bolsonaro;PL;6570;67,86
Taió;2;Lula;PT;2331;24,08
Taió;3;Renan Santos;MISSÃO;287;2,96
Taió;4;Escritor Augusto Cury;AVANTE;228;2,35
Taió;5;Ronaldo Caiado;PSD;167;1,72
Taió;6;Zema;NOVO;55;0,57
Taió;7;Samara;UP;44;0,45
Tangará;1;Flávio Bolsonaro;PL;5796;62,92
Tangará;2;Lula;PT;2532;27,49
Tangará;3;Escritor Augusto Cury;AVANTE;331;3,59
Tangará;4;Renan Santos;MISSÃO;246;2,67
Tangará;5;Ronaldo Caiado;PSD;199;2,16
Tangará;6;Zema;NOVO;64;0,69
Tangará;7;Samara;UP;43;0,47
Tigrinhos;1;Flávio Bolsonaro;PL;1425;63,99
Tigrinhos;2;Lula;PT;572;25,68
Tigrinhos;3;Escritor Augusto Cury;AVANTE;86;3,86
Tigrinhos;4;Renan Santos;MISSÃO;61;2,74
Tigrinhos;5;Ronaldo Caiado;PSD;55;2,47
Tigrinhos;6;Zema;NOVO;17;0,76
Tigrinhos;7;Samara;UP;11;0,49
Tijucas;1;Flávio Bolsonaro;PL;2147;66,10
Tijucas;2;Lula;PT;780;24,01
Tijucas;3;Escritor Augusto Cury;AVANTE;103;3,17
Tijucas;4;Renan Santos;MISSÃO;95;2,92
Tijucas;5;Ronaldo Caiado;PSD;88;2,71
Tijucas;6;Zema;NOVO;18;0,55
Tijucas;7;Samara;UP;17;0,52
Timbé do Sul;1;Flávio Bolsonaro;PL;25138;71,53
Timbé do Sul;2;Lula;PT;6903;19,64
Timbé do Sul;3;Escritor Augusto Cury;AVANTE;1108;3,15
Timbé do Sul;4;Renan Santos;MISSÃO;1029;2,93
Timbé do Sul;5;Ronaldo Caiado;PSD;600;1,71
Timbé do Sul;6;Zema;NOVO;206;0,59
Timbé do Sul;7;Samara;UP;161;0,46
Timbó;1;Flávio Bolsonaro;PL;6890;60,13
Timbó;2;Lula;PT;3361;29,33
Timbó;3;Escritor Augusto Cury;AVANTE;444;3,88
Timbó;4;Renan Santos;MISSÃO;441;3,85
Timbó;5;Ronaldo Caiado;PSD;205;1,79
Timbó;6;Zema;NOVO;62;0,54
Timbó;7;Samara;UP;55;0,48
Timbó Grande;1;Flávio Bolsonaro;PL;1131;71,31
Timbó Grande;2;Lula;PT;328;20,68
Timbó Grande;3;Escritor Augusto Cury;AVANTE;45;2,84
Timbó Grande;4;Renan Santos;MISSÃO;40;2,52
Timbó Grande;5;Ronaldo Caiado;PSD;25;1,58
Timbó Grande;6;Zema;NOVO;11;0,69
Timbó Grande;7;Samara;UP;6;0,38
Três Barras;1;Flávio Bolsonaro;PL;5213;63,79
Três Barras;2;Lula;PT;1921;23,51
Três Barras;3;Escritor Augusto Cury;AVANTE;367;4,49
Três Barras;4;Renan Santos;MISSÃO;357;4,37
Três Barras;5;Ronaldo Caiado;PSD;217;2,66
Três Barras;6;Zema;NOVO;65;0,80
Três Barras;7;Samara;UP;32;0,39
Treviso;1;Flávio Bolsonaro;PL;5528;68,64
Treviso;2;Lula;PT;1879;23,33
Treviso;3;Escritor Augusto Cury;AVANTE;247;3,07
Treviso;4;Renan Santos;MISSÃO;189;2,35
Treviso;5;Ronaldo Caiado;PSD;151;1,87
Treviso;6;Zema;NOVO;32;0,40
Treviso;7;Samara;UP;28;0,35
Treze de Maio;1;Flávio Bolsonaro;PL;7673;68,32
Treze de Maio;2;Lula;PT;2602;23,17
Treze de Maio;3;Escritor Augusto Cury;AVANTE;349;3,11
Treze de Maio;4;Renan Santos;MISSÃO;257;2,29
Treze de Maio;5;Ronaldo Caiado;PSD;235;2,09
Treze de Maio;6;Zema;NOVO;77;0,69
Treze de Maio;7;Samara;UP;38;0,34
Treze Tílias;1;Flávio Bolsonaro;PL;1186;70,98
Treze Tílias;2;Lula;PT;333;19,93
Treze Tílias;3;Renan Santos;MISSÃO;52;3,11
Treze Tílias;4;Escritor Augusto Cury;AVANTE;48;2,87
Treze Tílias;5;Ronaldo Caiado;PSD;36;2,15
Treze Tílias;6;Zema;NOVO;9;0,54
Treze Tílias;7;Samara;UP;7;0,42
Trombudo Central;1;Flávio Bolsonaro;PL;2893;63,69
Trombudo Central;2;Lula;PT;1204;26,51
Trombudo Central;3;Escritor Augusto Cury;AVANTE;169;3,72
Trombudo Central;4;Renan Santos;MISSÃO;141;3,10
Trombudo Central;5;Ronaldo Caiado;PSD;84;1,85
Trombudo Central;6;Zema;NOVO;26;0,57
Trombudo Central;7;Samara;UP;25;0,55
Tubarão;1;Flávio Bolsonaro;PL;3212;71,22
Tubarão;2;Lula;PT;950;21,06
Tubarão;3;Escritor Augusto Cury;AVANTE;116;2,57
Tubarão;4;Renan Santos;MISSÃO;111;2,46
Tubarão;5;Ronaldo Caiado;PSD;84;1,86
Tubarão;6;Zema;NOVO;21;0,47
Tubarão;7;Samara;UP;16;0,35
Tunápolis;1;Flávio Bolsonaro;PL;3508;72,64
Tunápolis;2;Lula;PT;959;19,86
Tunápolis;3;Escritor Augusto Cury;AVANTE;141;2,92
Tunápolis;4;Renan Santos;MISSÃO;107;2,22
Tunápolis;5;Ronaldo Caiado;PSD;66;1,37
Tunápolis;6;Zema;NOVO;27;0,56
Tunápolis;7;Samara;UP;21;0,43
Turvo;1;Lula;PT;23162;59,75
Turvo;2;Flávio Bolsonaro;PL;11463;29,57
Turvo;3;Escritor Augusto Cury;AVANTE;1613;4,16
Turvo;4;Renan Santos;MISSÃO;1038;2,68
Turvo;5;Ronaldo Caiado;PSD;1006;2,59
Turvo;6;Zema;NOVO;326;0,84
Turvo;7;Samara;UP;160;0,41
União do Oeste;1;Flávio Bolsonaro;PL;4033;67,32
União do Oeste;2;Lula;PT;1432;23,90
União do Oeste;3;Renan Santos;MISSÃO;192;3,20
União do Oeste;4;Escritor Augusto Cury;AVANTE;185;3,09
União do Oeste;5;Ronaldo Caiado;PSD;97;1,62
União do Oeste;6;Zema;NOVO;34;0,57
União do Oeste;7;Samara;UP;18;0,30
Urubici;1;Flávio Bolsonaro;PL;8967;68,57
Urubici;2;Lula;PT;2850;21,79
Urubici;3;Renan Santos;MISSÃO;451;3,45
Urubici;4;Escritor Augusto Cury;AVANTE;391;2,99
Urubici;5;Ronaldo Caiado;PSD;270;2,06
Urubici;6;Zema;NOVO;83;0,63
Urubici;7;Samara;UP;66;0,50
Urupema;1;Flávio Bolsonaro;PL;6613;62,38
Urupema;2;Lula;PT;3025;28,54
Urupema;3;Escritor Augusto Cury;AVANTE;351;3,31
Urupema;4;Renan Santos;MISSÃO;319;3,01
Urupema;5;Ronaldo Caiado;PSD;184;1,74
Urupema;6;Zema;NOVO;69;0,65
Urupema;7;Samara;UP;40;0,38
Urussanga;1;Flávio Bolsonaro;PL;15812;70,47
Urussanga;2;Lula;PT;4714;21,01
Urussanga;3;Escritor Augusto Cury;AVANTE;690;3,08
Urussanga;4;Renan Santos;MISSÃO;600;2,67
Urussanga;5;Ronaldo Caiado;PSD;426;1,90
Urussanga;6;Zema;NOVO;121;0,54
Urussanga;7;Samara;UP;76;0,34
Vargeão;1;Flávio Bolsonaro;PL;943;62,41
Vargeão;2;Lula;PT;443;29,32
Vargeão;3;Escritor Augusto Cury;AVANTE;40;2,65
Vargeão;4;Renan Santos;MISSÃO;40;2,65
Vargeão;5;Ronaldo Caiado;PSD;30;1,99
Vargeão;6;Zema;NOVO;9;0,60
Vargeão;7;Samara;UP;6;0,40
Vargem;1;Flávio Bolsonaro;PL;1774;73,00
Vargem;2;Lula;PT;448;18,44
Vargem;3;Escritor Augusto Cury;AVANTE;76;3,13
Vargem;4;Renan Santos;MISSÃO;62;2,55
Vargem;5;Ronaldo Caiado;PSD;51;2,10
Vargem;6;Zema;NOVO;10;0,41
Vargem;7;Samara;UP;9;0,37
Vargem Bonita;1;Flávio Bolsonaro;PL;2580;68,25
Vargem Bonita;2;Lula;PT;848;22,43
Vargem Bonita;3;Escritor Augusto Cury;AVANTE;129;3,41
Vargem Bonita;4;Renan Santos;MISSÃO;98;2,59
Vargem Bonita;5;Ronaldo Caiado;PSD;86;2,28
Vargem Bonita;6;Zema;NOVO;21;0,56
Vargem Bonita;7;Samara;UP;18;0,48
Vidal Ramos;1;Flávio Bolsonaro;PL;1807;57,04
Vidal Ramos;2;Lula;PT;1042;32,89
Vidal Ramos;3;Renan Santos;MISSÃO;120;3,79
Vidal Ramos;4;Escritor Augusto Cury;AVANTE;100;3,16
Vidal Ramos;5;Ronaldo Caiado;PSD;69;2,18
Vidal Ramos;6;Zema;NOVO;18;0,57
Vidal Ramos;7;Samara;UP;12;0,38
Videira;1;Flávio Bolsonaro;PL;6782;66,05
Videira;2;Lula;PT;2603;25,35
Videira;3;Renan Santos;MISSÃO;309;3,01
Videira;4;Escritor Augusto Cury;AVANTE;252;2,45
Videira;5;Ronaldo Caiado;PSD;227;2,21
Videira;6;Zema;NOVO;63;0,61
Videira;7;Samara;UP;32;0,31
Vitor Meireles;1;Flávio Bolsonaro;PL;8637;66,37
Vitor Meireles;2;Lula;PT;3164;24,31
Vitor Meireles;3;Escritor Augusto Cury;AVANTE;393;3,02
Vitor Meireles;4;Renan Santos;MISSÃO;376;2,89
Vitor Meireles;5;Ronaldo Caiado;PSD;314;2,41
Vitor Meireles;6;Zema;NOVO;73;0,56
Vitor Meireles;7;Samara;UP;57;0,44
Witmarsum;1;Flávio Bolsonaro;PL;1542;65,45
Witmarsum;2;Lula;PT;629;26,70
Witmarsum;3;Ronaldo Caiado;PSD;56;2,38
Witmarsum;4;Escritor Augusto Cury;AVANTE;54;2,29
Witmarsum;5;Renan Santos;MISSÃO;53;2,25
Witmarsum;6;Zema;NOVO;14;0,59
Witmarsum;7;Samara;UP;8;0,34
Xanxerê;1;Flávio Bolsonaro;PL;1697;72,83
Xanxerê;2;Lula;PT;440;18,88
Xanxerê;3;Escritor Augusto Cury;AVANTE;66;2,83
Xanxerê;4;Renan Santos;MISSÃO;61;2,62
Xanxerê;5;Ronaldo Caiado;PSD;48;2,06
Xanxerê;6;Zema;NOVO;12;0,52
Xanxerê;7;Samara;UP;6;0,26
Xavantina;1;Flávio Bolsonaro;PL;1088;64,19
Xavantina;2;Lula;PT;439;25,90
Xavantina;3;Escritor Augusto Cury;AVANTE;61;3,60
Xavantina;4;Renan Santos;MISSÃO;51;3,01
Xavantina;5;Ronaldo Caiado;PSD;35;2,06
Xavantina;6;Zema;NOVO;14;0,83
Xavantina;7;Samara;UP;7;0,41
Xaxim;1;Flávio Bolsonaro;PL;4325;69,74
Xaxim;2;Lula;PT;1258;20,28
Xaxim;3;Renan Santos;MISSÃO;245;3,95
Xaxim;4;Escritor Augusto Cury;AVANTE;204;3,29
Xaxim;5;Ronaldo Caiado;PSD;111;1,79
Xaxim;6;Zema;NOVO;32;0,52
Xaxim;7;Samara;UP;27;0,44
Zortéa;1;Flávio Bolsonaro;PL;3725;64,37
Zortéa;2;Lula;PT;1637;28,29
Zortéa;3;Renan Santos;MISSÃO;143;2,47
Zortéa;4;Escritor Augusto Cury;AVANTE;127;2,19
Zortéa;5;Ronaldo Caiado;PSD;95;1,64
Zortéa;6;Zema;NOVO;39;0,67
Zortéa;7;Samara;UP;21;0,36
